"census_tract","Surge_threshold","Rain_threshold","alpha_d","alpha_a","alpha_p","alpha_r","mew_a","mew_p","U_rate","POT_S_max","POT_R_max"
"x_init",34003002100,1.763272354289,0.125960690117911,25,0.0358766994775188,7.39721452003304,0.137712434600877,0.158874004061507,1.81988264004416,0.01,1.4279491721065,0.00644732601122075
"x_init1",34003016000,1.63877041201602,0.105279329729217,12.8944183984716,0.001,4.39904335493964,0.0541398426756424,0.182135867025124,1.1121434917215,1.74084344957132,2.61456682110555,0.0706567700686545
"x_init2",34003055100,2.20800697512492,0.098886467245449,19.6089110103656,7.33775162041488,8.19628974159137,0.669441976414378,0.064767647096013,1.02265914402505,1.88216631019329,1.27856925989097,0.001
"x_init3",34017010800,1.71349975959341,0.112980549720311,10.7283571579323,8.13172587544615,0.001,0.391017849066387,0.0618815524579453,0.0576318378164633,0.836875574930635,0.847727891368436,0.127208875924784
"x_init4",34017011400,2.55825418869214,0.0795727639179874,13.9313956057928,2.470168214245,2.20071115043431,0.14317292392326,0.0806214614618793,0.001,0.552326489728698,0.617484376396253,0.145839108026647
"x_init5",34017011500,2.15426558640554,0.109423845250609,15.7663362272292,4.30340601356767,2.86907163358475,0.0977686132817174,0.0948360195047509,0.001,0.466156150005909,0.0406800229670621,0.15
"x_init6",34023003401,2.27457940958977,0.15,12.3187888673295,0.145560959343882,3.07951672755299,0.0798483831899069,0.0476405254967875,0.11453958749875,0.0102632349945389,0.911639296486219,0.15
"x_init7",34023003600,1.91355996372422,0.100926396919457,9.35694713857872,0.108423815185405,8.04644640515278,0.170417740740195,0.0430107074406716,0.001,0.796098572475279,0.0821779421507988,0.15
"x_init8",34023005000,2.74365026445236,0.15,17.5388393152083,0.0126456225252767,4.3371249511789,0.68356851814777,0.106138707609074,0.0257043358593304,0.334991721730148,0.879976836218187,0.15
"x_init9",34023007402,2.61054667691446,0.15,17.8465281739827,14.2179053065792,3.11673024941861,0.190900362821781,0.112057030687199,0.00197103856536587,0.337814439141507,1.61124216789092,0.148894257636733
"x_init10",34023007500,2.16680458377972,0.15,15.1975817191934,6.09011571586176,0.90972389223034,0.0017123402985309,0.105439706930502,0.191345647211811,0.01,0.212795237427693,0.15
"x_init11",34023007600,2.4787164909698,0.15,14.4779841216393,3.92286678580611,8.23880691069891,0.0410342200701228,0.058116419362699,0.022422304822637,0.01,0.823213049818945,0.149964533923722
"x_init12",34023008001,2.06964949483713,0.148826676109462,25,8.84774280186966,0.00908457244031679,0.0527976975029766,0.186643580007821,0.634198084790355,0.174505267486943,1.11867411711562,0.0479976316323813
"x_init13",34023009100,1.98805827427396,0.15,18.6903289645842,9.5507213655225,0.00332474194523418,0.0195456543576373,0.106619844568378,0.0618634662610776,0.0731639085807203,1.07774480940854,0.149984317312024
"x_init14",34025800100,1.87250004583486,0.145628131705668,7.64074412419666,21.9482556126291,6.3475025240354,0.938967642608371,0.329873460631644,1.98277350301213,0.0672356938848079,1.66618189669214,0.0863195483783459
"x_init15",34025800200,2.05667043038729,0.15,11.2191380213293,8.76516679725332,0.954161630501607,0.0835472066561222,0.0562397568509852,0.0502765931132215,0.0851635603700482,2.13724610174811,0.15
"x_init16",34025800400,2.07291545382022,0.15,10.1059436947511,6.55075457149692,2.7103433319975,0.109679208423635,0.0509242300244002,0.372630304148451,0.0216465827434926,0.945011906311066,0.149795553312645
"x_init17",34025800500,2.13697089857043,0.149786407325081,4.23004753474946,5.44299403101335,0.001,0.372932772729927,0.001,0.113723758490172,0.02527087583282,0.5800299120287,0.123658700158239
"x_init18",34025800601,2.08089756849662,0.15,3.29430811542504,21.2253403341583,0.001,0.575866036689987,0.001,0.0503864213580118,0.01,2.47863992398276,0.15
"x_init19",34025801600,2.22217597485297,0.15,6.299674774927,4.28966524387056,0.0299325653606416,0.588989814890324,0.00202830709751148,0.231533832460804,0.01,0.788543692188607,0.149606705536397
"x_init20",34025801700,2.17424330993065,0.0363283445199389,7.05709609960333,3.18319602122431,1.80819920118795,0.0232560724808174,0.0820339567830184,0.00351817981310531,0.0554179762690207,0.001,0.15
"x_init21",34025801800,2.17135355859706,0.15,5.90630018861705,5.75715002874026,2.32730875692445,0.169928445711191,0.109325046944209,0.0086462086609843,0.0278596521015895,0.0136817132036443,0.149932694484452
"x_init22",34025801900,1.84033709016618,0.149568657751634,13.6546070459054,11.8363868041961,10,0.159457728495104,0.0931333894662365,0.001,0.409163558001405,2.87908770050055,0.0752448885673229
"x_init23",34025802500,2.01495135711583,0.123839150841343,8.34726833100048,9.71893932291075,2.19569645525544,0.92423748746599,0.0442506839951743,0.0815988857656079,1.48368026172254,0.655587382924575,0.0730960564026731
"x_init24",34025812100,2.17028271254776,0.127203845500453,6.06319149358595,3.80252804843206,3.57459445111262,0.0690477600714678,0.1013595325957,0.236340128882334,0.0656143794933979,0.001,0.149891580091549
"x_init25",34039030500,0.001,0.108440927753669,25,2.8266216369082,0.674801405707555,0.00590811939333282,0.170151362391643,0.00936325439136724,0.01,3.16912630990394,0.129788563421165
"x_init26",34039035400,2.97337590406398,0.15,9.76584775669167,1.95311797741813,6.69332366836727,0.0923552412194463,0.0391547971605683,0.0626283003641495,0.0125525594572803,0.355344475127038,0.15
"x_init27",36001000100,1.91153160213237,0.15,19.674231444913,5.24942222198646,5.73438259794919,0.0577856171810993,0.0762035173796167,0.00237909119885901,0.277637345813085,0.001,0.149777036857978
"x_init28",36001013100,2.93826952338257,0.106907580773286,19.2096990850229,4.34982989729129,8.58151872115776,0.333106225168719,0.00994747426856209,0.23121661428572,1.51018627634447,1.8115281386915,0.106809081927333
"x_init29",36001013400,2.18803659180947,0.127181908715253,16.3879975511292,18.7066263818418,4.35018942321257,0.822385417665934,0.0516714657433518,1.84438588201959,1.83842779386155,3.11741741931363,0.0193918649664671
"x_init30",36001013602,1.98473508194031,0.0685687647514912,14.5136733708728,0.001,9.47184148478212,0.836352076033863,0.0618380300530757,1.68141199231987,2.70691877178147,1.60514330757403,0.0839267922747634
"x_init31",36001014401,2.40749386525426,0.0925303931210937,18.0498059142766,6.63256385426681,5.65338539221852,0.862315808640038,0.0605879933445244,0.603505379940568,2.39740752590894,1.69750901679982,0.110971099772919
"x_init32",36021000500,1.75447186840437,0.15,15.6304938364291,0.620786466195899,2.29815006324744,0.502890026375899,0.0921111275270509,0.001,0.392469702428828,3.35832614338502,0.15
"x_init33",36021000600,1.13357226183528,0.143740380933511,14.7935550610286,25,0.365987051365331,0.001,0.0873729109601223,0.0414861632938786,0.0266609778931468,1.52081301663468,0.12858549350891
"x_init34",36021001100,2.2117015369288,0.103254951335946,15.9137935359493,17.5799571386586,6.61147465566448,0.47032986793739,0.128993069231049,0.898172030726814,1.18550958750624,0.122947575315713,0.0858831048392328
"x_init35",36021001900,3.12376435977635,0.145542160404169,11.2728533942129,15.3657492333051,9.56820172066202,0.375451744501168,0.0988012930476549,0.941439287003534,2.82026205408627,3.27876928772588,0.112255005283506
"x_init36",36021002000,2.66358062041222,0.001,25,0.360245296915703,0.001,0.0256268732113452,0.146713098424714,0.0288160403080889,0.0862153528656656,2.5336399709091,0.128117754682372
"x_init37",36027060202,1.73190507733572,0.0847953967687564,11.1154171792438,25,9.96668708347424,0.001,0.0620497602530903,0.001,0.774149767795998,0.0872335301871261,0.0131961510494598
"x_init38",36027070201,1.55162240309988,0.0356244676899204,18.7710856292349,1.50803549864195,10,0.0233034218959552,0.255125805242116,0.001,0.403345764447816,0.192268620231935,0.15
"x_init39",36027140500,2.11914533463366,0.0584693097279673,8.95525187517652,3.0816572585694,10,0.206274026802645,0.161806493625368,1.46001289561254,1.86911098776035,2.73539206750679,0.0200966244483928
"x_init40",36027140602,3.34275746701451,0.121421830952737,21.8362817327183,16.6886406119652,8.59324326337641,0.0293841970070647,0.0874753641232405,0.937748940493766,2.56991112152106,0.857137914449425,0.0934172947266143
"x_init41",36027140801,1.41815597232251,0.15,24.5918064854895,0.00237847458605126,0.00284748068004517,0.402895959769191,0.131307406779232,0.0674192889753282,0.0169299811461899,0.001,0.149970674642652
"x_init42",36027190301,1.81541007065776,0.0905212007933853,8.68328172775021,9.53571925646975,8.29648187237464,0.25063752133663,0.0922274010870502,1.05994187236983,2.98851520117008,2.31755920425077,0.079395756267376
"x_init43",36027210201,3.31787419857956,0.15,18.048060829471,8.58413893547769,6.92967645093754,0.238485154857536,0.108356496075259,0.00138379384302338,0.286916445329771,2.28911710849072,0.15
"x_init44",36039080100,2.26863665423788,0.15,14.6442693973263,25,6.62480579117153,0.001,0.0889688903379315,0.0143028097794063,0.467674554320343,0.180801953491055,0.15
"x_init45",36039080600,1.64475458504822,0.0672004393918473,8.55157629074583,0.001,0.274708492659346,0.0702595980485421,0.112703776331073,0.845816984842967,1.98737288505123,1.80184958571202,0.0589169352866974
"x_init46",36039080700,1.76166915472615,0.149999899895621,13.0336886050171,2.06539831505054,2.69166604243486,0.183386774905875,0.0751209529188673,0.00719136336440844,0.54383819254635,1.34832884267581,0.15
"x_init47",36039080900,1.64264558514612,0.15,17.2061333810297,3.1321238853103,0.001,0.0947123485156136,0.0965338290845894,0.0635130062740434,0.209720266521723,3.36866262171749,0.149962046076451
"x_init48",36047004400,2.942244885931,0.112146038649215,10.9464465103349,21.7907227540584,4.39662921131888,0.668130019458592,0.0585702491014849,0.731797516559291,1.73101361446354,0.489748675696115,0.00368002754660302
"x_init49",36047004600,1.85940401601979,0.0545943070535321,25,0.001,1.84018026080754,0.942533345149366,0.0756147436222499,0.514172411692296,0.779179351737968,1.01045379556568,0.0614267789203577
"x_init50",36047016800,1.70397509618594,0.113332326306685,16.6165231735393,16.4577703341035,4.4471667875785,0.410497818842934,0.0633225671585304,0.305083216169547,2.81216796200878,2.74358364447825,0.0579504833338587
"x_init51",36047033600,2.08962722384848,0.15,6.77113879382433,6.15634824080233,1.25861520429398,0.357704688985222,0.0259993044909602,0.47775852048451,0.0152367146040035,1.24412782046089,0.15
"x_init52",36071010102,1.70611157824693,0.0886714342896495,13.4066749596166,9.92088795506193,1.38929604181278,0.0150556892291408,0.0781654979452291,0.00181539388300634,0.514029494097051,3.5,0.135656139816447
"x_init53",36071010200,2.68857368936127,0.0661028648514717,24.8578212303688,12.2885232300625,0.853322896349262,0.607258740253378,0.0986724466514465,0.965309503500419,1.75945447858018,1.21741851985405,0.0807074178468211
"x_init54",36071012700,1.10817585040061,0.0802705349108486,25,0.202785264242571,0.001,0.112069222212804,0.185197818788105,0.0280719617652675,0.01,3.49879777129714,0.133133160598088
"x_init55",36071012800,2.71785406468585,0.0611476512436226,9.75555794988333,4.50144428397583,7.47355848233699,0.927680917802038,0.0780135082270439,0.797180976987634,2.55648114431984,1.13873752087856,0.133880928441003
"x_init56",36071012900,1.62866149022962,0.0793622547034664,15.3503210050934,25,0.738792193673623,0.0371840980594574,0.0947119578531502,0.030777195972827,0.532312972605483,1.6635288212059,0.0474318025249447
"x_init57",36071013100,1.69089287180563,0.0765155850124557,12.1856794543074,25,1.11407710516776,0.001,0.0680899876340426,0.001,0.608304662621848,0.271034919248119,0.0724377532585347
"x_init58",36071013700,1.76301144731232,0.14207160467698,25,0.129568847700705,2.22524158476571,0.195049652513637,0.147106819029383,2,0.0130469314771148,3.5,0.001
"x_init59",36071013800,2.74872960619965,0.130815833591433,9.38170631802546,22.6041129775213,8.87389892793557,0.79077421569923,0.0883298204638952,1.48523940802805,2.32904693319336,3.37892780325262,0.0957998859740285
"x_init60",36079010600,1.90646229213224,0.15,13.342191041562,14.639425745147,5.91676287667898,0.246745494726108,0.0557845857575688,0.0079909616029638,0.475558073053358,0.00619565038684874,0.15
"x_init61",36079010700,1.84795884765389,0.15,12.7506276095015,0.464772319411415,5.62525267180025,0.240106173106876,0.0643333710510753,0.01479227976424,0.324020506988255,1.26327572855652,0.15
"x_init62",36081091601,2.10657130944866,0.134613909756811,10.3269974270932,24.5091439943183,0.148699774883625,0.370449208808248,0.0881661487746557,0.0747825860257375,0.530978651820718,0.0467894752672543,0.149979204724057
"x_init63",36083040800,0.441698092970029,0.120178894419805,9.19747830088298,25,0.466872164148544,0.001,0.0393997372324803,0.0230779101901556,0.358919737678991,3.5,0.137472428549783
"x_init64",36083051600,3.48744258374295,0.15,23.1504507461878,25,7.58353972935203,0.00634570814816222,0.106195391371365,0.001,0.01,0.713415188030647,0.15
"x_init65",36083052301,2.0357532643041,0.0654114301931624,11.095921413181,9.88339130700854,6.62949472410843,0.810253310666856,0.130965032428612,1.5816425352978,2.68163032639297,1.84762532418425,0.0720070131025569
"x_init66",36083052404,3.39174711214157,0.0675743597455191,21.3138368738036,8.02626184148886,0.12692835698064,1,0.122655226987533,0.13848710392199,0.338925406545968,2.58520126376149,0.001
"x_init67",36083052501,1.97604043816524,0.107470276686987,9.40519783467649,3.77631636692262,6.28931516275959,0.124210938807286,0.0939914118538541,1.49177228886953,2.02613081363718,1.32388567779565,0.0469032653255968
"x_init68",36085009700,2.65547882785224,0.15,10.6404106055901,2.96495797428716,0.00913447981914944,0.058640379985389,0.0482077582070312,0.0684645652776109,0.106115942662589,2.68416995603417,0.15
"x_init69",36085011201,2.16234463240097,0.149733423981187,9.15351362882306,6.0703203428696,1.56597916880624,0.614016828143623,0.0670934053630553,0.087056475829443,0.0608754266292988,1.23977485652477,0.109773921580849
"x_init70",36085011202,2.71474869061332,0.149713904455183,5.45098359944111,5.89134514592241,9.987197552686,0.317223951828641,0.001,0.0353325707278441,0.01,0.182064734288712,0.11032023826415
"x_init71",36085012804,2.54671281059629,0.15,7.32219790315732,5.37557880246792,4.66398384436122,0.873036498600778,0.0189438309785337,0.0929912632343383,0.01,0.75083255917028,0.15
"x_init72",36085012805,2.07951145715575,0.137097077562986,16.5308130603476,2.0176641000517,4.91272258291884,0.232823051547555,0.132396817571224,1.55953612484473,0.377952710471608,0.550407099645346,0.0402588422182033
"x_init73",36085015603,2.13962042180076,0.149880972177423,7.29112397564918,7.75006657034739,2.41200781179036,0.11248771125182,0.0318060942718899,0.184519805040172,0.0179054714959272,0.402377484259087,0.0986791770282755
"x_init74",36085017600,2.69407893571901,0.0753843396680369,7.95600317943178,3.40358527520747,9.99833914085136,0.00898220733745697,0.030375844231563,0.0975830160501142,0.963168675588595,0.0105763867138136,0.0448410075916128
"x_init75",36085019800,1.74600233729019,0.0748280469377259,9.88745600420738,24.8217925846406,10,0.001,0.0472124419187313,0.0406309929921402,0.454888773547618,0.126447256754864,0.03823667221899
"x_init76",36085020801,1.62206073492891,0.0432048267081116,18.4437479260338,25,3.42830724335604,0.001,0.086285728404028,0.535065314214233,0.365215447843849,0.329955125990066,0.15
"x_init77",36085022300,2.31745444940648,0.15,14.5429727746074,5.51515846219567,7.74565795596907,0.580027039632173,0.0759495561884485,0.001,0.402806542750334,1.93914524736423,0.15
"x_init78",36085022600,2.68078937150318,0.15,16.7518786908767,24.9995988584289,0.127247738049148,0.0517537499753202,0.0850615569528684,0.0212568608821189,0.219734989757671,2.98532563840201,0.15
"x_init79",36085024401,1.45333753651473,0.0419636811119662,12.9084319361813,17.3931867611275,5.85494017514224,0.00433503515681418,0.0678359458347158,0.895522443606606,0.621633359947553,3.5,0.149989661937447
"x_init80",36085024402,2.16470290062719,0.15,6.53805752480524,0.831576884663887,0.001,0.0775738949335466,0.0144835957755899,0.0691687598987379,0.0939250834886762,0.983302909451204,0.15
"x_init81",36085024800,2.62265043413771,0.15,13.0518256955158,5.46019200838418,0.0825658964755948,0.0581988371414529,0.0656894859956017,0.02930246824796,0.0494379430923217,2.61994774178008,0.15
"x_init82",36085029102,2.21614412816313,0.139102687770277,20.8941232228054,17.5798193997268,0.001,0.0212486106352995,0.157236275019838,0.0707283113993188,0.235446146297604,0.52128716247683,0.15
"x_init83",36087010101,1.64680898408039,0.0873412312239298,22.6364873219117,0.001,3.44120827826395,0.70340350315596,0.0757106158594615,1.49817498471637,1.83369225792349,2.79842263289371,0.0500121694212534
"x_init84",36087010200,2.00004297480526,0.15,19.6335448554215,9.43527012149571,0.500813669359546,0.0991343963432,0.144566449404578,0.277735627260393,0.297916228235694,1.30769523018171,0.149771141510998
"x_init85",36087010602,1.91189632614275,0.15,16.4733136496637,0.125815892798218,5.14937210308362,0.0883888649990102,0.0826122598859715,0.0110312742750396,0.27426767379048,0.001,0.15
"x_init86",36087010902,3.499929439845,0.0826894487210143,17.8424600007249,25,2.21902476581512,0.145374064779531,0.110315040241324,0.0101279980197459,0.427116114959281,0.0523403512741964,0.108553909173915
"x_init87",36087013100,2.05056369990467,0.15,19.4395166216092,2.82204519205018,4.50761486693385,0.0276793118413313,0.103771194561086,0.0171215335414534,0.0278673430237138,0.879707856418528,0.15
"x_init88",36087013300,1.87728222318024,0.115614155917333,15.8447008864931,14.0964192110901,10,0.168975457443819,0.130516145686245,0.25829079065347,0.443199073215936,3.40801810060442,0.15
"x_init89",36087013402,1.71471991510714,0.0771303361361026,11.2018969337305,4.74698132035055,9.99948757521827,0.0164170686571892,0.0596152473850722,0.001,0.6503189594485,0.267801745616841,0.0336198017439057
"x_init90",36111950100,2.45484959398666,0.105891365600042,7.84832814417929,24.7170774039017,5.59837965328669,0.657981090174407,0.0778347044247212,1.43055718953337,2.62926727839214,3.29595539810523,0.134308821056374
"x_init91",36111950200,1.7117756370105,0.15,16.1294262852936,2.01257849695174,10,0.129971022075045,0.0894297630034742,0.001,0.16406937921142,2.04412171740062,0.15
"x_init92",36111950300,1.42873162349439,0.142626607373977,23.2833606423083,0.851901014734973,0.807100910124023,0.0411514581721695,0.138266188587796,0.804387128117084,0.156084486686598,3.5,0.00465844590959555
"x_init93",36111951400,3.25268166194221,0.120517699248442,24.9978727701235,14.288602505306,4.78493095312719,0.47940373881851,0.301762440842104,0.0698318182666783,0.231809455122991,2.18045842750742,0.103198925334217
"x_init94",36111951700,1.99257797305633,0.15,14.5312940591778,0.908152010664648,8.21374681455439,0.749532966448068,0.0810773288902557,0.001,0.454591335723793,0.107088694261629,0.15
"x_init95",36111952500,1.911612785471,0.15,21.4899986545894,18.2511127021704,4.83900837895488,0.0691778692368112,0.10484330048603,0.00171786717767311,0.311902629851602,0.001,0.15
"x_init96",36111953700,1.44637372207925,0.15,17.9958796944608,25,0.001,0.00349218040547599,0.0892760803209657,0.00212073620329342,0.12292788967312,3.5,0.15
"x_init97",36111953800,1.75646716834037,0.120997417578471,15.5351398333043,3.47513921260261,10,0.390198014771176,0.117041453128398,0.001,0.524265387953841,1.85915315549684,0.0766252652498969
"x_init98",36111954900,1.89523770912268,0.121369907703589,8.78689707202104,25,1.64605761339045,0.961785957797738,0.0514559374378462,0.0516677268182318,1.45265013705584,0.021458480387772,0.001
"x_init99",36119011300,2.04634383370578,0.0796068908449725,10.6376761230305,0.001,2.94046846733702,0.0400553423712009,0.051061259042894,0.001,0.720425606703576,0.0147954413355505,0.149179284220479
"x_init100",36119011400,2.99306960989055,0.0913534380878833,25,16.6354201545523,8.93279662238794,0.989003289965584,0.0771960157716617,1.4739861404592,2.66348889243683,1.08404033722144,0.107845211490288
"x_init101",36119011500,1.72731861751979,0.118107871472469,18.1094985406671,12.3802721893199,2.05040167940177,0.001,0.104052382228349,0.0120478876792939,0.0879802783513192,0.24948062937991,0.0749215942035286
"x_init102",36119011700,2.00977084021699,0.15,15.4051165225947,25,0.0333461437142149,0.00106161132722404,0.0769403178502354,0.0535337970138961,0.0486665015182179,0.977703051947953,0.149994535638748
"x_init103",36119013304,1.91337117950225,0.0716301280812944,21.0811721895354,25,0.949552295726208,0.394324760359792,0.117166345612911,0.00433497728501226,0.344489772190302,0.00141839705565527,0.124389911611089
"x_init104",36119013600,0.897687207280546,0.134244414768094,16.3228235723549,16.4279590228841,0.500957372117832,0.001,0.101751209498415,0.0288682891542433,0.01,1.6848235875381,0.107726993957744
"x_init105",36119013800,1.80176451123103,0.15,14.7619380926365,25,9.10678132374035,0.333591247067577,0.073067924178708,0.001,0.525977257853837,0.00231730292173541,0.15
"x_init106",36119013900,3.18584481821004,0.0825591160845279,10.6806716895554,19.54047699564,3.92185521514096,0.0247862578496015,0.0734568954163911,1.1061576672837,2.51474879725891,1.21272639312662,0.0863341644871343
"x_init107",36119014000,2.7095347885581,0.0742104379064884,8.86548857467156,10.3569607314207,6.76846414494189,0.02568430431057,0.105314977895322,0.722855521972245,2.48372323278612,3.28964249767282,0.0458935933754951
"x_init108",36119014100,1.98132352300487,0.0966151031843616,9.54058648452475,21.8764042038618,3.24161200242406,0.353805850546987,0.123981668703656,1.01666017645678,1.39946674397394,1.339713438148,0.147474544690153
"x_init109",36119014200,1.92406618540592,0.137595670711965,20.9962060444569,3.74361638296234,6.78064599453931,0.043908113579804,0.135246320655948,1.36327831960743,0.248049984244358,0.775121066544719,0.111879628393429
"x_init110",36119014604,1.76266235540606,0.15,14.2668874744025,0.921713581011263,2.35915354289906,0.632774524099627,0.0917729263838089,0.0138813724672326,0.537203908279836,2.32903728299765,0.15
"x_init111",36119014701,1.91116196571521,0.15,18.53594002856,0.001,5.70935698160781,0.0481439794298252,0.074561560859436,0.00292567245525959,0.307399429004901,0.001,0.149976672009164
"x_init112",34003013001,2.10148443910935,0.15,14.9483343648332,3.77392108394204,9.85665025420118,0.174135535793824,0.06149841027294,0.0161532378519565,0.01,2.99964927539807,0.15
"x_init113",34003013002,2.74883916129205,0.148550598631502,9.39149173263456,11.6934401621257,7.63563248179597,0.890748040000842,0.0481749144258871,0.0580597835995889,1.04144741498368,0.426339229744332,0.0943922086517525
"x_init114",34003019102,3.41585727902019,0.0771593282333276,15.9401367534551,16.8620787632682,2.11512388939628,0.241435602763156,0.199169371249953,0.714153717297397,2.55857922411868,0.327422449615503,0.0511334741560144
"x_init115",34017005802,2.18466227817213,0.149995773857426,13.6567714643173,2.25591925023284,9.998072414174,0.266689852443796,0.0375059064013966,0.125348701827763,0.0110198755305755,1.47203073221672,0.15
"x_init116",34017010300,2.05315058729896,0.100055947698025,22.7673119869496,23.0024472938186,10,0.00103536487155743,0.223062577004185,0.262249340100185,0.308528658495264,0.117641189685931,0.0135902657138431
"x_init117",34017010400,1.62451379115979,0.0768116814134205,18.0136752642023,25,0.726167030696869,0.0741597006858,0.122540071064124,0.001,0.426647694656705,3.42350204742459,0.0190583553403635
"x_init118",34017015001,3.49370586965681,0.082534643427428,13.6573257552736,25,2.17192631375295,0.00641314590248073,0.0816846882297633,0.00700083800149117,0.5714870189863,1.04801817201276,0.115775313567642
"x_init119",34017015201,2.17884433641411,0.15,11.5721622056924,24.9973727520213,9.18571215364246,0.001,0.0457629357719326,0.112571493995244,0.01,1.35802461440251,0.15
"x_init120",34017015801,2.15892398055315,0.121408346194198,14.7256905585609,1.08847602831903,4.7769916204699,0.178816741204488,0.101923342039113,0.00646788631619927,0.501729724931809,0.00130770883904336,0.145299224248216
"x_init121",34017017900,2.53174293345656,0.149427241842768,20.6286899642173,6.59160657768665,2.8863742063209,0.366428470123905,0.138137191697556,0.0275119074320552,0.231261327660212,1.43073888609999,0.149981928498565
"x_init122",34017018302,2.76086450305194,0.15,12.6443031388469,0.001,0.0103081696810828,0.132279538120155,0.0595150177573992,0.0601597515886475,0.178538912568396,3.21453496315165,0.15
"x_init123",34023004500,1.15928082489715,0.139572274233204,25,0.130347960824789,0.001,0.0130674515429399,0.197268778111607,0.0371024679467707,0.01,0.495441345409835,0.00393502161606913
"x_init124",34023004600,2.17284419449869,0.15,25,0.896028388585361,0.277940366782292,0.0232827265406858,0.149981380175994,0.139189717667296,0.01,1.24860593944313,0.15
"x_init125",34039030600,2.14203961637179,0.0676552635314904,9.06879066853179,12.2893339109793,2.31347255334145,0.61709351753037,0.0731763469605263,0.139074290844762,2.52185478925691,2.02753688920934,0.102065261724665
"x_init126",36001002500,1.00755930778494,0.142812979823551,11.2457511376152,15.6072345086834,0.986316433013547,0.001,0.0474001538554986,0.0467878321571041,0.01,2.8012821340883,0.118463052288229
"x_init127",36001002600,3.21392501386578,0.127423767440664,20.1808375097384,1.30216672126033,6.21100368532367,0.131329720875238,0.0986014787881881,0.429241878319849,0.01,1.9102579484507,0.112526773806306
"x_init128",36001013200,2.47686428955408,0.0601411379940089,17.158806312742,1.49286079550467,8.92637265456429,0.319062817447708,0.0329761815801072,0.201613907239505,2.79893113824026,2.40993327045537,0.0714974424692598
"x_init129",36001013601,3.08372133069307,0.0980184113183787,17.9259406738229,11.4779298973028,7.29050859804075,0.416185958816641,0.114868700493296,1.67523774088066,0.947419577640863,0.719617804579496,0.123411029713402
"x_init130",36001014301,1.39854668443568,0.15,18.014639990463,24.9692128181774,0.001,0.00441440039655468,0.0907172277616818,0.00835424810764907,0.0996692430256466,3.5,0.149145698041959
"x_init131",36021001200,1.70628660999624,0.0700890732224598,17.0937335880397,18.9833612245848,0.001,0.884960755591154,0.135318230325996,0.592610587529141,2.70501463524935,2.35025142739274,0.0677182691870545
"x_init132",36027070101,1.91070148371192,0.149940562987116,13.0062182238881,19.4723345560194,1.9518311862607,0.0774636835592281,0.07206746145107,0.00299329856472149,0.646860703529855,0.001,0.14125268205744
"x_init133",36027070401,1.49009245508647,0.15,18.9417630516155,25,0.001,0.001,0.0865922722459731,0.001,0.113402886545433,3.5,0.15
"x_init134",36027140101,1.91393470626154,0.15,19.6579528039012,1.24051640752056,4.9027242266639,0.163966753310261,0.100802002405778,0.00209696742791143,0.324488014462325,0.0147377950623447,0.15
"x_init135",36027150003,3.5,0.11936609389976,25,1.57183547430209,6.15742700576325,0.0866472412346492,0.184093683358142,1.26174587720238,0.01,3.5,0.04313278799902
"x_init136",36027160003,1.91132079731331,0.0766630192691997,17.6730411496868,25,0.065628552766102,0.101144615266252,0.120670422173812,0.0192965789398157,0.438192247701153,0.001,0.0926280675305251
"x_init137",36027220100,2.35195015880774,0.15,17.776940788978,2.04163537693217,5.56544587830783,0.12286144866771,0.109372459297366,0.0419602862469594,0.277817949015173,2.98401091035649,0.15
"x_init138",36027220700,1.83535209552269,0.0972998668849679,23.0220725617732,1.87117330674964,0.00236048726182647,0.0256347092328724,0.150159354516378,0.233154919687716,0.239633498714995,0.783530327784194,0.147247794095564
"x_init139",36039081000,1.9233670265773,0.121349314612881,10.3320441952356,2.32701934921255,9.99463351897062,0.371543891278523,0.0600252856748916,0.00155244206946498,0.897381143683798,0.001,0.099471483740908
"x_init140",36039081102,1.33023151675392,0.149932102791518,25,10.1521641571473,10,0.0109867688743836,0.176930798895358,0.001,0.0852769885337407,0.849752038167233,0.0576105945837858
"x_init141",36047003800,1.64697616921844,0.139304625026925,21.1375155401865,0.001,5.86577166347592,0.555450461527851,0.111000592634006,1.03900294004895,2.36310832648562,1.5957134535668,0.0471219492230681
"x_init142",36047005000,2.12373134298279,0.054600219746913,19.3414347996209,0.00498541582846906,4.45681012891784,0.380457755524226,0.0839172526305212,1.32683123202601,0.600855859950592,3.17321213351341,0.107557268971025
"x_init143",36047005300,2.76398202715214,0.14984882255581,13.788965785977,6.51567974558139,7.38479308895806,0.17335090118651,0.116917677301213,0.168247701858233,0.0427515220956101,0.281005273269473,0.0771286814762749
"x_init144",36047017400,1.82853278535383,0.0209578622425312,20.1490974551875,25,5.87872332004158,0.001,0.0618274354144115,1.7052092908698,0.265383527869168,3.139851452828,0.15
"x_init145",36047061600,2.3055090998679,0.149699813366293,10.6515158723035,23.9337061517895,9.61430591781921,0.169825569823459,0.0853648187830154,0.00214638522342778,0.0572005396229038,1.64291750348886,0.127184524451396
"x_init146",36071000100,3.26643616419476,0.0827798292401896,23.5309673669559,6.53344641662301,10,0.001,0.174014458287724,0.344490511428867,0.266646055414204,1.74263341978906,0.0143486069068153
"x_init147",36071000400,2.08292805935137,0.15,15.9067436804575,0.001,2.8906423485023,0.864463907086879,0.13298084913889,0.0689615068420954,0.504592125149679,2.24680011904295,0.149913971014467
"x_init148",36071013600,0.207515444439544,0.109824814300968,10.5194628289922,23.5209481685811,1.43284282974812,0.701127766022681,0.201140663681241,1.78145020927855,0.321151391055767,1.68643140130242,0.15
"x_init149",36079010800,1.91117300506928,0.15,10.1264511228065,2.75957208870518,2.35102063977359,0.999780308914736,0.0543799317143261,0.121233277421186,0.970715139131157,0.142578494728544,0.149986511519136
"x_init150",36083040400,2.6980632843995,0.0918809126031279,19.4999912880811,9.78868336696932,9.18868267410279,0.182751157008033,0.0858996012066074,0.380301029476628,2.50493335048377,1.43317206593905,0.0204035371426799
"x_init151",36083040900,1.32454190200258,0.105888111432388,4.19267306008889,0.001,1.14451553434781,0.00343986697304033,0.014687032248187,0.0160520074825145,0.0139753502278841,0.756559910008118,0.0498120513420017
"x_init152",36083041000,1.71614378790319,0.0901189300572124,17.9450685982457,4.61557590497154,0.400224838360871,0.540369228824829,0.0340239778999659,1.87878271500905,2.47696190069979,1.07112820664795,0.0212523772753629
"x_init153",36083051500,1.99033779846538,0.110891425939695,19.1451973249017,15.6499894140201,1.23879309553556,0.306743285976302,0.0197836803659061,0.648528409127535,2.00579904533774,3.0539776174921,0.00398908035940241
"x_init154",36083052503,0.532825755498452,0.134823119298023,10.6872822067918,16.3521326443722,0.001,0.001,0.0477706978728243,0.001,0.0904769382960291,3.5,0.140790218072246
"x_init155",36085007000,2.05750270269777,0.119911180110037,13.8089552167405,6.12192675597721,0.001,0.222709428475328,0.109020599540257,0.0833748611742537,0.593499086917148,0.666663569031722,0.149967309567528
"x_init156",36085007400,2.65699250878887,0.15,16.9631642923544,2.83839781389314,1.33462556614919,0.265337156787858,0.139329571531039,0.0359308400258444,0.405009318889117,0.4128473988688,0.149997045992987
"x_init157",36085020700,2.03392681957717,0.103212328783659,24.9683832664489,5.43970656702762,10,0.0118148213437296,0.180713295733604,0.283515201661273,0.199540188331017,0.261494270637017,0.0247888334120857
"x_init158",36085031902,1.85442145150441,0.15,16.971831084724,3.41014665821197,1.52525984956116,0.113059424412525,0.095458623847529,0.0332359556216323,0.20139311062719,3.07219196908912,0.15
"x_init159",36085032300,1.6378568269585,0.121259492775391,17.1578308565981,0.001,6.37083182382582,0.48425804083059,0.0847859532244421,1.59836308283047,0.452022606835553,2.0534418395777,0.0219585580884734
"x_init160",36087010701,3.40180527860901,0.139697790081753,13.1065054953284,0.001,2.3576395430514,0.804081832595307,0.121930692655618,0.968037292869697,1.69316406007267,3.45519370666533,0.112318728538303
"x_init161",36087011000,1.7547170684775,0.15,15.2006713129357,25,1.06550395968464,0.0484462554609819,0.0802078803581468,0.00161314917394862,0.295529683129796,3.27262708886691,0.15
"x_init162",36087013003,3.3947655129319,0.15,12.7333940514523,10.5460617858527,9.98449603316415,0.038318334792894,0.0543728690861138,0.0439502787514783,0.0101061944081033,0.200229016598384,0.15
"x_init163",36087013200,2.04782167541092,0.15,16.4489624009301,8.0487845729212,0.0343862124338611,0.0237387670313887,0.0821741994168247,0.0299542976749351,0.0610006686258314,2.51788563250198,0.15
"x_init164",36111951300,1.64709237881992,0.118476303319458,0.001,25,10,0.00108484110891029,0.103481834859212,0.001,0.0275946068321439,3.49972113092852,0.00336988967652719
"x_init165",36111952600,1.93023982819342,0.119222789378411,17.9930304950443,20.1083981192556,6.00187274643612,0.354004793594086,0.0665903856789316,0.967848149609335,1.44714985431852,2.17649146115307,0.0867684432368369
"x_init166",36111953600,1.29441091068825,0.15,24.8970515967484,25,10,0.00100238785905403,0.154552103668954,0.001,0.045109671832111,0.803389326861949,0.149960756265146
"x_init167",36119010300,1.76487123476461,0.0925523099692985,23.7882850752102,2.31879332896817,0.00712825970975772,0.001,0.146696027628275,0.103035046325495,0.0739059056456198,0.102752168114624,0.15
"x_init168",36119010400,2.16563230322003,0.15,18.6128192459771,1.59105794374465,2.13223697036376,0.378654369370198,0.101914453794149,0.00342574855535716,0.328918707005467,0.476814654755667,0.15
"x_init169",36119010500,3.21776011501705,0.054602029515886,20.811843396373,0.001,0.350050377762241,0.358473743380537,0.0932306204387837,0.0548108587225924,0.351313678451735,2.12564758383279,0.0266375228461689
"x_init170",36119011800,1.64800369230909,0.0758587657619576,11.8347236450676,17.5337898667361,10,0.00628200121558518,0.0630915481232315,0.001,0.532485392158267,0.797753816584671,0.0531734364801173
"x_init171",36119013201,1.6858551632041,0.080121946988407,12.2518535171134,0.001,10,0.00836423427844807,0.0635733188191927,0.001,0.584055441114357,3.5,0.149782343441776
"x_init172",34003019202,3.00856928971329,0.109693343392179,13.701782457776,17.2056158395775,6.93794841594959,0.367525256284667,0.141178949439442,1.3036112022707,2.20256951291385,3.07358929938654,0.12646120152221
"x_init173",34017007400,2.33053241924635,0.15,17.3424398148558,0.272882046873509,6.55806814875764,0.196223374140746,0.0859676102849855,0.00283761858873583,0.0464916346202979,2.3670221358983,0.15
"x_init174",34017007600,2.2624903442724,0.064509996932648,21.5535495632283,9.52790572351132,3.2327799366767,0.905368804496333,0.0593437698779888,1.34932401087848,2.5072471439531,2.45898025259143,0.114099821320866
"x_init175",34017007700,2.38841635732717,0.15,18.5826657138067,1.08277928048097,8.08744948824909,0.115224734639661,0.09857779270693,0.00131823971510903,0.0338836882281762,0.960765881085022,0.15
"x_init176",34017011600,1.92011454639106,0.0926095499075224,12.847566857176,3.43862483607802,2.23244940855477,0.182662152811084,0.0723442633356624,0.001,0.633111483119313,0.0544311418708513,0.149902524978244
"x_init177",34017014101,2.1019123602683,0.120661281214871,16.6647564225355,1.67014952149777,3.57135489292905,0.349195590171365,0.121656884147224,0.0290806425694518,0.441036217841251,0.141623787133682,0.149995368252597
"x_init178",34017018301,1.1311669377352,0.0723916870774808,19.5093096878865,0.109151198838302,0.001,0.164982582556579,0.106644941103372,0.0526147647498002,0.0973268636005578,0.678357354781896,0.0345150305091961
"x_init179",34017018701,2.46393087261813,0.15,12.5725852520114,2.33784791278996,7.72881967783195,0.505996207381136,0.0730427200992833,0.001,0.605061941366448,0.397555812579505,0.15
"x_init180",34017019300,1.9257964049731,0.117199553224867,7.72540846458222,5.08621757666966,10,0.974414610625457,0.0399787732358753,0.238103247935929,1.85731594006122,2.61734556932944,0.15
"x_init181",34023004900,1.70272063627071,0.149997256789648,25,0.453836790728436,2.25246677442704,0.245629172768074,0.115555759855939,0.00119760427223068,0.01,2.86527350566305,0.149888329934873
"x_init182",34025802000,1.73992547366086,0.15,11.70062623418,0.001,2.38518961661509,0.218862416249809,0.0544786504928936,0.0112888119325377,0.0596620181525611,2.93224053179906,0.149982284736685
"x_init183",34039039800,2.1131748657015,0.113686579852562,11.1593334996879,2.23867905629643,10,0.780329588469677,0.0704753483836752,0.291077846214717,0.786952193595509,0.001,0.14348850614953
"x_init184",36005029301,1.32351387816009,0.147309828772235,25,0.001,0.462646842703157,0.999729149934758,0.182888267986543,0.0262458964294991,0.01,0.110569253865682,0.0434876289088462
"x_init185",36005032300,3.47843736216779,0.10381413118796,21.7728566044789,25,0.0176564157152218,0.00402944352637041,0.147646738344551,0.0361859607984594,0.29739913522015,1.10339637064879,0.080281916134883
"x_init186",36021001300,2.22237935201648,0.0805629232211357,10.1093790605799,22.6104877041487,3.32003519330366,0.04855059734961,0.113796073893812,1.25275545771376,2.09870201994366,1.66198135538599,0.0312186985197395
"x_init187",36021001400,3.12480522360177,0.0634207908875314,19.7935446770858,19.7211593973212,5.30638175919896,0.985701135074409,0.0887466046408613,1.5934875799606,2.12457344915301,0.838718599855624,0.0525177876428706
"x_init188",36027060100,0.508066855879662,0.0555209139325184,25,0.280778514946889,10,0.0398072391786435,0.194957029430487,0.972949129633878,0.01,3.5,0.128342844029393
"x_init189",36047000700,2.11186699048008,0.15,14.8472047399814,0.478579305639884,0.809408445269029,0.5802044617898,0.0864269887411217,0.116453914137528,0.390318773340898,1.55529328117814,0.15
"x_init190",36047004700,2.28432936912974,0.143429731959295,11.1130201883138,11.9296200857743,4.96834027212482,0.561364897560637,0.0674747857604085,0.001,0.811706185721572,1.20065499129377,0.136923710003515
"x_init191",36047005201,0.0988815648304069,0.141389698835357,25,1.72888347163572,10,0.00674771823296166,0.144871786770286,0.001,0.0155120842654809,3.49559750525525,0.00182671511753365
"x_init192",36047005202,3.03536629603477,0.0769428099461962,20.0621423136376,12.1363532873111,1.3057913397803,0.348600013317423,0.109777804042467,0.220883752441609,0.704707617240047,0.815224757210689,0.125912888885989
"x_init193",36047005400,1.69326958759093,0.108396380101075,17.0914539952235,0.412531840489723,0.219822904834759,0.2484912491067,0.140600608627409,0.001,0.453781190321721,0.150174810084123,0.15
"x_init194",36047005601,1.85973727239213,0.0970659851205477,12.2623612909051,12.3236934517366,5.46632833481565,0.885821435748231,0.111891192332696,1.35470309153051,2.07441205892205,1.81061381866772,0.0567543369550009
"x_init195",36047028000,2.88077467279756,0.137921154001379,15.7601502152569,17.3067552411538,0.852675237100058,0.215626386255646,0.0760414197392297,1.38196863257075,2.06841629144812,1.79633551598777,0.0654399702178314
"x_init196",36047028200,3.04718212590853,0.0872925454122807,13.0079257742177,10.438878859982,5.98924049957637,0.465243069727796,0.0843258704445252,0.462172557559081,2.56854990805767,0.660509452540012,0.0553197010797052
"x_init197",36047031400,2.11165578956849,0.0882559974879062,15.2422891887262,12.3661188136547,2.28334077411733,0.0605764438627078,0.0836176013015674,0.001,0.470372864153027,0.0920682513285278,0.15
"x_init198",36047061002,3.07547014954572,0.15,18.0531853135068,9.71451220693174,0.00116431179514095,0.202502255656739,0.126808714233863,0.0571787622858222,0.335571711292462,0.532702952557555,0.15
"x_init199",36061000900,2.39134013105187,0.149596447669886,17.6943677216009,1.86521557506241,1.1773358630076,0.830305892573142,0.114573757494193,0.143869675032562,0.187619131698813,1.36184369296378,0.15
"x_init200",36061003700,2.12096109026665,0.141056544330799,9.52750629897426,25,9.97377528719495,0.0974590659472282,0.0484995938265966,0.00505516682266483,0.899743092942458,0.730700542865449,0.149855366942637
"x_init201",36061003900,3.35240913184949,0.123091481440389,10.8019217589326,13.4085110194567,0.0167336226525907,0.511797958064965,0.0765219703519479,1.66282135008177,0.938577445560356,0.0462148235755726,0.0235145148526742
"x_init202",36061007500,2.9106729097668,0.15,12.3907526089434,18.0878697771158,8.7575080956232,0.0863384490507597,0.0648306074112608,0.0119445478008256,0.180146406898572,3.43118912335246,0.15
"x_init203",36061007900,2.66521865822875,0.15,16.6719545546909,3.66347099180629,8.14844243132544,0.24780269803182,0.0870061236735951,0.00202412705261965,0.0100007948228673,3.1155247003558,0.15
"x_init204",36061009900,2.1237517867918,0.12258920837621,7.68512782346777,4.84772214980594,7.46987021968563,0.708227061440319,0.0446750494167905,1.20666061011991,2.05483696796728,0.001,0.025767517028223
"x_init205",36061012900,2.90207563708367,0.15,23.1083090357412,15.1221488847503,4.72952071162869,0.351261967092245,0.159320625334366,0.00874372667740465,0.305839643541904,0.499380048250658,0.15
"x_init206",36061013500,3.11105276007632,0.0800376152926279,14.8330572427336,5.71666450112826,6.8229672772035,0.316197570885552,0.172851366592925,1.35246471405883,1.6199168915969,1.02921529569304,0.101973151684596
"x_init207",36061015100,0.949753180690426,0.121275448649334,21.6857308108455,0.798629653386542,10,0.0689895982760662,0.155768973735925,0.001,0.284803416034538,2.37968703320347,0.0919366201093657
"x_init208",36061015500,1.54730618298744,0.0733437542876528,18.919268212312,0.001,5.88205280872698,0.001,0.193410906864973,1.26287391903446,2.40465443842953,3.5,0.0642002432138165
"x_init209",36061015900,0.190705865136431,0.0502153301488887,25,1.75906806552307,0.001,0.001,0.257560698501779,0.0186400717377866,0.01,3.49978026746364,0.112023583614326
"x_init210",36061016300,1.75292627164928,0.119279201683049,22.2636211638711,0.58588069867458,10,0.0845605578979069,0.16911865116377,0.938844456084377,0.299298929674284,2.30512357304198,0.0598129875630352
"x_init211",36061016700,2.11599510378089,0.0740816760582075,19.9255896483087,19.2451676045295,4.10323978131777,0.452155114648536,0.164592517102245,1.93600501318818,1.67362856117167,3.21648418665724,0.0747402749184942
"x_init212",36061017100,3.18045932913904,0.0792268912537503,21.7097674696114,14.5482800482175,2.70625965452929,0.860431048661431,0.170100621041019,1.88060939183415,1.05923677899684,2.03649017910028,0.0238312829773042
"x_init213",36061017900,1.41857158726909,0.15,25,0.001,0.001,0.474475410803225,0.224115235120969,0.0723108449738699,0.01,0.001,0.15
"x_init214",36061018300,1.571586868864,0.12749182060236,23.9794354552155,0.001,7.15320733993518,0.001,0.235283053235217,0.907305685338335,1.30560042265841,3.5,0.0553651674705737
"x_init215",36061018700,1.65040221901536,0.126871666521223,15.9980715797125,7.74661976817135,2.9116499683028,0.19373917994091,0.326345816804156,0.264901999873372,0.690290069816858,2.36826743713323,0.0266187244227706
"x_init216",36061019100,2.18956939208127,0.110395363267188,21.0016968103894,17.459682902545,1.98213607952812,0.574307356556785,0.192492410173803,1.33861338845943,1.09845374069597,0.205455709174943,0.053487988139575
"x_init217",36061019500,0.00146693979759809,0.0995801868273533,25,0.001,0.001,0.994544825485302,0.20576058913517,0.0321900271006498,0.01,0.919158950347953,0.00546192905005347
"x_init218",36061021900,1.60385978249322,0.109304894189046,25,0.001,0.001,1,0.141909703124839,0.100668492358783,0.01,0.0011143609005073,0.001
"x_init219",36061022900,2.05330828867421,0.119349898866823,25,0.00416367297893235,0.103570315617198,0.837903174076426,0.306562791926176,0.0343009158728727,0.01,0.0286207658627578,0.00208410183601679
"x_init220",36061023300,3.49997658256433,0.114646956747414,25,5.67852254690323,4.22642721944321,0.00407412339587043,0.205185449767134,1.62501393781203,0.01,3.5,0.0232666702323944
"x_init221",36061023700,0.1,0.1,0.1,0.1,0.1,0.1,0.1,0.1,0.1,0.1,0.1
"x_init222",36061024100,1.94904799407907,0.0798726999835243,12.9525779373237,7.53823860663156,0.258791224476636,0.547204680050932,0.181886573809055,0.487340972267639,0.726685706895087,3.30899927105992,0.0366014742705122
"x_init223",36061024700,3.49927290791342,0.112057943025672,25,0.00120822055662443,0.00122907263750973,0.999648110266328,0.362761524869105,0.302214756790586,0.01,3.5,0.001
"x_init224",36061027300,0.1,0.1,0.1,0.1,0.1,0.1,0.1,0.1,0.1,0.1,0.1
"x_init225",36061027500,2.63343837858436,0.099514540542923,22.3243806524261,11.8517564359003,0.18699876003743,0.677877757290957,0.182139888343329,0.0647902125091397,1.63609921817865,0.909799707579624,0.0798332898578514
"x_init226",36061031703,3.45382722725006,0.0982937262685228,13.8619410322739,19.1440320095133,2.79715410096319,0.729016854205414,0.10470754219006,0.311336393257045,1.58360533820736,3.15456186191825,0.120243203048786
"x_init227",36061031704,3.02354903798717,0.113938558625634,14.0063625516052,2.59204727883171,1.59907412332836,0.0505141891010446,0.0824672134399873,0.00274639980816378,0.570820197143646,0.00682560470493149,0.136372676059943
"x_init228",36071000501,1.68719433879514,0.0934215643656168,10.2263677572805,24.8852892956901,4.81323810264904,0.310091813024575,0.28847657401107,1.9523023812078,0.866473383525611,2.33657955869038,0.122322593423885
"x_init229",36071000502,0.1,0.1,0.1,0.1,0.1,0.1,0.1,0.1,0.1,0.1,0.1
"x_init230",36085000600,2.17098449633772,0.15,18.6705762163609,1.31320425273702,2.33704829573838,0.0382441154778231,0.0943587743939858,0.103897714700182,0.0238694371725018,0.60773417423559,0.15
"x_init231",36085000700,1.63601150931118,0.0862143541634092,18.7356000782098,0.001,0.001,0.0417930062655455,0.162379756101574,1.14252544604135,2.87032109345407,0.964967934243665,0.0894800685376391
"x_init232",36085002100,1.84125807661451,0.149538373095949,13.7200267196426,1.78610403723692,1.01847060137418,0.229347784581212,0.0744976372998047,0.101787214556608,0.404761354051432,1.08587360407953,0.0499712013123052
"x_init233",36085008100,1.64531748118207,0.0944873685785888,17.3073999762067,0.001,6.28023979644878,0.229061933944553,0.117096815429537,0.326622633284873,2.79669587283603,1.94968355851796,0.136792991066324
"x_init234",36085012806,2.80109871092253,0.132387074500482,10.6770367158347,4.94078769594845,1.19694220861511,0.65290873218626,0.0731076279448326,1.27171368563558,0.781746159728594,1.77104876380353,0.11929438626629
"x_init235",36087010703,1.28444289985055,0.0891945398945891,25,4.83805970797969,0.001,0.0115993078655002,0.144903063331886,0.0357978836001094,0.0302184680785565,2.58356691260458,0.0413965793879823
"x_init236",36119000103,1.74267755031415,0.0934985310867487,24.9971505345314,0.001,0.001,0.978793391019051,0.216779785456823,0.057279093147014,0.01,0.0420757124088161,0.001
"x_init237",36119000202,0.180154213536719,0.0341782668659645,25,2.40725617412446,0.00265527031269844,0.00388431613916123,0.181780582279696,0.0280136482559471,0.01,3.35796686690556,0.148719567037205
"x_init238",36119000203,2.50888545648024,0.140377315782904,13.1027017677468,9.7476888782626,7.31216294221936,0.159527940821652,0.231485975726693,1.15817174287302,1.21776629819893,3.5,0.133750812937758
"x_init239",36119000401,2.69750956316163,0.15,23.0268704498945,1.35389818608148,8.95996248344573,0.0885989375884535,0.113294367842548,0.001,0.0310149451116651,1.34806169977186,0.15
"x_init240",36119000402,1.45531911178191,0.15,25,0.001,0.001,1,0.195237183940749,0.171902584598762,0.01,0.001,0.149886640428356
"x_init241",36119000701,3.5,0.0820972324554656,17.7934404886284,0.00136741900742547,2.36472143912425,0.001,0.1071882787625,0.00285650645064647,0.334588130118028,3.5,0.0666729486788604
"x_init242",36119000702,3.29226111124892,0.141646858225896,25,1.75499584614272,3.7777866482168,0.058120223944578,0.132018508657322,1.25490571115261,0.0143337494388761,3.43074575908313,0.0133919532440142
"x_init243",36119013301,1.63337274722235,0.15,17.9875089629241,1.481988261793,0.703042622757284,0.0213304116930741,0.0934996384528912,0.00293115374243382,0.110387431622928,1.13624417756349,0.149956311214786
"x_init244",36119014605,2.4902581123179,0.129570392083234,19.3994862441967,15.3782741286203,9.82892942515262,0.395858132239615,0.127938368429153,0.85447639904159,1.07639786347324,1.86860512612182,0.1259225095925
"x_init245",36001001100,0.931701503776177,0.074891154774364,25,19.437134417732,0.001,0.001,0.22338208680647,0.162783097351042,0.214276695670579,0.205083404679314,0.00476400300475704
"x_init246",36005030100,2.3190004131129,0.0749184795719183,21.3094473445813,19.5122066244789,3.15355405698737,1,0.124993999870566,1.09550217054819,1.33438174466804,0.39060497745895,0.0703994117580372
"x_init247",36005030900,1.41829969963477,0.144735359675189,25,0.001,0.00183978659503355,0.532460270490752,0.154161565806719,0.0658507052124924,0.01,0.001,0.139333950620158
"x_init248",36047000301,2.76585319646698,0.0935057350608627,25,0.022427979205853,0.001,0.999398243113952,0.153196188706211,0.0377573218534275,0.01,0.665288839185947,0.0384268669336221
"x_init249",36047003400,2.09947544390757,0.104138205582908,21.5063784294369,10.7814366480924,9.99943120202435,0.001,0.153254233310902,0.316952445633342,0.277588939988996,0.0615316216186502,0.00300566961326727
"x_init250",36047005602,2.58512791888809,0.0933371849934819,25,1.38480498364575,0.001,0.0230739373706577,0.163901397807584,0.0508886628800038,0.0103858583715419,2.3745082424115,0.0675319548045893
"x_init251",36047016200,3.5,0.15,22.3094618874046,25,0.001,0.001,0.112616339561817,0.001,0.04153612596215,3.5,0.15
"x_init252",36047017600,2.61859281479594,0.0536058054306103,15.5761112912232,0.001,7.75726448442972,0.0266361198681256,0.0702089275062736,1.51802961863927,1.82007580381538,2.3539667125434,0.11983508596967
"x_init253",36047028600,1.45392230320953,0.10021878625405,23.8056264079206,0.449019236986254,0.00317916898018522,0.074037850793347,0.188422813556156,0.001,0.277338042495644,1.45119709781678,0.149974224407711
"x_init254",36047029200,1.48692080694461,0.142159416207826,19.7304762025641,1.93164779425078,9.9999979707139,0.201368779368283,0.136481493707443,0.00109295512221748,0.320003037909192,3.46076624983973,0.00898778168863228
"x_init255",36047030400,3.18070660852705,0.15,22.074604689085,21.2142849488701,6.69667657565724,0.001,0.0938925626107811,0.00534303046270939,0.0104054635403207,0.0264557238110489,0.15
"x_init256",36047033000,2.17785589537796,0.0374698213114609,22.4933633204308,0.886315564210872,4.52328071815528,0.0147718484040195,0.205435000553325,0.305076548111392,0.10532571839889,0.001,0.129501368277933
"x_init257",36061000700,2.59162901889196,0.149996783765916,16.6096483439285,0.33240368632922,7.10036619028287,0.508626136561874,0.0908595453666932,0.001,0.233936396931036,1.38275393552198,0.149992202551411
"x_init258",36061001300,2.09002478744873,0.13433069503358,12.201065647293,1.46764768077891,0.00876452974533051,0.973060171922512,0.0767304806711712,0.259009090713782,0.611805065188185,0.207431485510853,0.149457526015102
"x_init259",36061006900,2.70135999969059,0.127773688157564,10.2018546749456,4.42278072176438,3.62181074625797,0.0578276909876659,0.0541606784013226,0.0688178152445452,0.811196602162318,0.0201527854002853,0.125761407620504
"x_init260",36061017500,1.64699377176789,0.0850013317693707,15.1652162735386,0.001,7.08816760523897,0.995186468051298,0.334673140753203,1.54507833897112,1.44768462102726,0.202706360467396,0.0391776986065207
"x_init261",36061019900,2.09336994621791,0.0773142371743941,14.7958486606871,24.8717869393721,7.54457054359655,0.924376158646136,0.149270601399503,1.41418044402101,2.45384426782882,0.478174616453991,0.0965330290216839
"x_init262",36061020500,2.52106789182251,0.0806313041629971,18.8068136319921,15.7771787346786,3.80106299772915,0.690231814961442,0.214406440937433,1.23949769426541,1.36839238137911,0.826112014164538,0.105119482178844
"x_init263",36061021100,2.64118597169753,0.076876566619912,16.9592330778845,5.97709900765042,5.15982766304782,0.153286087648747,0.209183299405008,1.06338797915158,1.44252689548425,2.51211549246132,0.0944605806656901
"x_init264",36061022301,2.53017294255562,0.0732967802365229,16.7854672566069,10.7991468103122,4.84980857688174,0.180538339266707,0.15491203039033,1.777838573048,1.08954076627492,2.86488803627452,0.0241513973325109
"x_init265",36061022302,3.19909510160302,0.0799859397938862,10.1591048811137,1.3539495403728,4.61633909232905,0.379744247778158,0.184779285071915,0.989361384644843,1.94412633907718,1.63871139059983,0.0728515720220466
"x_init266",36061022500,2.38013619324144,0.0799951847808744,12.2587434214734,20.8638347712414,10,0.690290396643117,0.179786416096142,1.00350594654289,1.35221035833264,0.743821813935418,0.10852341796269
"x_init267",36061026500,0.254138413906201,0.105606744097963,25,0.001,0.001,0.616262643340714,0.276461998798337,0.0304922359014566,0.01,0.895738195880139,0.00287718087103278
"x_init268",36061028700,1.42196583486586,0.143484509570799,25,0.001,0.00642868107106656,1,0.205239803687445,0.137750070572545,0.01,0.00100010382755185,0.142307274203721
"x_init269",36083040700,1.91108736455323,0.149933657554048,15.1341137594995,0.125019649270431,5.98495582643892,0.20713552082565,0.069828111244353,0.0615992071015012,0.252816929156879,0.001,0.144064559408908
"x_init270",36085000300,2.52783955658446,0.15,20.7529053476875,1.66716603079183,5.94682560545895,0.646624182774674,0.121373871206351,0.001,0.096306238774402,1.54588534948258,0.15
"x_init271",36119011600,0.33573393342322,0.141690123377111,25,1.76267015790264,0.001,0.0100477603166598,0.15417943698634,0.0267660116618151,0.0994964580618716,2.69014436779452,0.001
"x_init272",36047029400,3.2552907968466,0.15,22.3125160871857,2.42606895089013,6.12901801495501,0.195196389676478,0.109576718256641,0.0148696394102141,0.0118985352103696,1.81119344031744,0.15
"x_init273",36061025500,0.172142329716192,0.0180405768555992,25,0.001,0.001,0.999716176147224,0.21138819753514,0.0382311098467592,0.01,1.11597253016696,0.061284654008058
"x_init274",9001011000,1.92487324275963,0.15,5.1904618920153,25,10,0.117884286333318,0.00112143655274518,0.001,0.0438654397746496,1.9583126331141,0.149973174048714
"x_init275",9001011100,1.88299863359915,0.15,20.4353574134542,25,9.90453453238796,0.204895949017851,0.0648200285932088,0.00533387385737787,0.169115400707857,0.366194881385131,0.149969233455534
"x_init276",9001011200,1.64910431026189,0.0660890640953787,6.02657920574919,21.658338410587,10,0.00108896563092318,0.0142788029700735,0.24970412453665,1.52320770690975,0.103596024302838,0.0264055963809122
"x_init277",9001011300,3.23220682452643,0.15,11.3753243020555,19.5544438361186,9.97309668648863,0.0653978030764957,0.0498121086174539,0.0593079869289511,0.0155947032992613,1.46219641682016,0.15
"x_init278",9001021900,1.84824208254725,0.15,17.1827268410694,13.891037567748,9.99329351811328,0.0960011828298883,0.102438744758145,0.13637419602078,0.0504501999156194,2.65332018190855,0.15
"x_init279",9001022100,1.71101707465672,0.108707329197509,20.3134382388925,25,10,0.0370855588216374,0.151672202267675,0.275942618381935,0.308902245827467,3.33610354281899,0.0498910800216848
"x_init280",9001022300,1.96748523897308,0.15,7.0318978273181,1.39221611196476,7.77615768762761,0.0883880990597759,0.0215501562934914,0.0204084869723984,0.0825177413907822,2.8453887410964,0.15
"x_init281",9001022400,1.89763252656592,0.15,5.86205096922821,5.06464553070466,0.00145759589969005,0.040269582326921,0.00371832561449183,0.625603783389813,0.01,0.738618316510415,0.15
"x_init282",9001030300,1.98543985242554,0.15,4.8794981281512,11.6044581749399,0.001,0.0286269454541738,0.001,0.550658459677153,0.113269843538351,0.992422664126606,0.149953563729785
"x_init283",9001044300,1.98250954166479,0.149918843110108,5.94977191457503,8.72022694609189,4.40233226928166,0.105740201903966,0.0130235160432313,0.0686202887674587,0.216415697815777,2.34160226965157,0.15
"x_init284",9001044400,1.88683452216885,0.15,8.23429426780226,8.33003187369426,0.001,0.460060644034939,0.0689623658723636,0.0627369988500808,0.03187735894572,1.61305034358938,0.15
"x_init285",9001044600,1.96697490604912,0.15,6.24545867812642,13.1077187816633,0.0347950375092279,0.0501103494257709,0.00289404786799596,0.0742662677843051,0.01,0.946194670081749,0.15
"x_init286",9001050500,1.88857055597128,0.15,7.04575715828863,21.0362525722921,9.99988702369899,0.0777649890939838,0.0173362761711423,0.0025571904871487,0.01,1.75428099496821,0.149997855608976
"x_init287",9001050600,1.86779642696229,0.15,7.82274751076637,25,10,0.032964110655064,0.0309655717379236,0.0576045403052008,0.0676065736328083,2.57507171460601,0.15
"x_init288",9001060600,1.65685393276912,0.15,11.2802487544586,25,10,0.0203002017897512,0.0588541857240255,0.001,0.179527899435798,2.19877375715927,0.15
"x_init289",9001061500,2.06903029767325,0.107634712345282,12.5257028743547,25,9.99783225055745,0.61762800336181,0.128443409973749,0.0909805768369888,0.735630203126355,1.36454488293218,0.142025707743617
"x_init290",9001061600,1.87191221717505,0.149089196261516,4.36888872518439,25,5.3194341562593,0.0141672163245935,0.001,0.524916713779904,0.011917234980177,0.190424734827495,0.0745346282132442
"x_init291",9001070100,1.63113656776978,0.146363319815604,11.5247988307192,25,10,0.0280510362623264,0.0831614131454017,0.001,0.0321464934716762,1.22862392552448,0.110821394646557
"x_init292",9001074400,2.05184575634795,0.15,14.7784456583869,2.46578516756992,0.001,0.128197363126598,0.0800269270002875,0.147135219213707,0.0235484827324717,1.02487420314792,0.111869829428893
"x_init293",9001080500,1.82028829683646,0.15,7.60253494248883,20.5711516299924,10,0.0936566342087685,0.0450674470747689,0.00895239967566119,0.01,0.851008641583381,0.15
"x_init294",9007610100,2.5915755230202,0.15,6.16780311921057,0.001,7.60840006559977,0.297817402442297,0.00641738482697278,0.0500624252332647,0.217937417995845,2.97068902268741,0.0848660064268948
"x_init295",9007610200,1.96622018487384,0.14629425145593,14.3673517463464,20.5620120372468,9.92812412603556,0.509930316934543,0.113405452731929,0.001,0.285581927492264,2.56963845144302,0.136078320811435
"x_init296",9007670100,1.75311545477558,0.145191049241569,12.8372734185497,18.0687264311853,6.92700376845305,0.0339966573059152,0.0956979562152929,0.001,0.148935562184638,0.747809625386277,0.100746351891318
"x_init297",9007670200,1.85719626283604,0.135103628155683,19.8886494001852,25,10,0.304916255630839,0.122192613509628,0.001,0.304072998172764,0.255335293238509,0.14960452472004
"x_init298",9007680100,1.92467598472271,0.122320662206202,7.92129766525999,25,9.98312892771495,0.906797446343766,0.048749785119377,0.927539491566317,1.83318924054226,2.10511165682129,0.0433515372254876
"x_init299",9009142800,1.86122713034404,0.121328473515731,9.7621623221708,19.4588821656971,9.97910763459817,0.551898379194684,0.0583525833909683,0.001,1.11120587415083,0.00210071313714474,0.00787798192263148
"x_init300",9009150100,1.97566685758516,0.136047257493352,12.3955491229205,7.46989505815742,6.76085383667843,0.828174503709007,0.0714548213948116,0.796154884876045,0.640126409656946,0.684071653292508,0.0791169635049852
"x_init301",9009150200,1.17954178013022,0.070743442351071,7.48325788184943,21.0578122632295,8.73318812788586,0.212976194170164,0.474370744890573,1.81266057211025,1.72660452718297,2.23802560743945,0.118631579598453
"x_init302",9009150400,1.9021222195797,0.139620454360743,17.7543237632633,9.84764985013673,9.73210576894678,0.0990075740499439,0.158456699224966,0.284169832863573,0.135579288565926,0.401072893441214,0.149865452392095
"x_init303",9009150500,1.84459417155401,0.148649844258144,10.6107243820555,25,9.89902370799918,0.00852662822303859,0.0693613490576139,0.238754402450533,0.0918451030235322,0.240234895711153,0.11910848048866
"x_init304",9009150900,1.71100097581027,0.148597739094545,8.36454159003567,25,10,0.0101383309583586,0.0354591168040352,0.001,0.0732328149647351,1.71925589721736,0.128512240751463
"x_init305",9009151000,1.87305836993527,0.139959273023459,17.2515895322349,24.9886517766941,2.96676521993786,0.344928082694244,0.2565275078571,0.762481768425094,0.308038924192813,0.373957265972613,0.136977301922591
"x_init306",9009151100,1.90817069297518,0.149822812344371,13.1690427674406,20.0698243772817,9.99922583648885,0.274662062361865,0.112039318496527,0.815999438333115,0.104637112643696,1.86526840650348,0.118363854532928
"x_init307",9009154500,1.9157922183189,0.14902989411373,21.4012642683254,5.35719881052238,6.81022349620607,0.570650875527094,0.123540186926957,0.0435925376400042,0.31006637828158,0.00299296477330668,0.0307084991940365
"x_init308",9009154700,1.72454107171219,0.142020690567374,8.73116590087013,12.1527234472313,2.63359292630479,0.001,0.0428184784449587,0.0278801963509049,0.0704478859571284,0.112916428240028,0.0174711454878158
"x_init309",9009154800,1.91029865479032,0.149798325218149,20.8108824241931,6.96145952400896,5.46367616181444,0.243341699531212,0.0724459183601436,0.00396145877046942,0.194845353409121,0.00519851432241649,0.0870788489565525
"x_init310",9009155000,1.52982889683039,0.148601518850972,14.171215336501,23.8469786001614,10,0.0397714314436604,0.097442283648336,0.001,0.289961227066527,1.82143213543929,0.0284119653964075
"x_init311",9009180100,1.97416548369802,0.138545143036343,9.48289659906306,4.55989902110091,8.52711197571725,0.507819542790046,0.0622715212808367,0.44920992031321,0.416683568547696,0.36487339871122,0.106799278418272
"x_init312",9009184300,1.48555259953945,0.114544426854921,10.4957713730092,25,10,0.001,0.0619404870821637,0.001,0.168179958241099,0.112691761109624,0.118899525019279
"x_init313",9009184400,1.96835682887299,0.14581383173371,8.88642783731641,24.7659026103473,8.58025294446749,0.161323943556208,0.0530321717086769,0.0498332964326977,0.452828860411699,0.574725825681111,0.110144491318779
"x_init314",9009184600,1.90642648437207,0.148524487897258,13.0701779869007,25,0.001,0.87937348818213,0.0666019643088636,0.0324473982978369,0.484598916618879,0.020270002366714,0.149701236139682
"x_init315",9009190100,1.96492090784809,0.147697625730976,12.7018682395103,25,10,0.238798367321754,0.094933909018181,0.436683079523905,0.235782942907007,1.3066383500657,0.116000863873733
"x_init316",9009190200,1.91533747330542,0.080600467335256,14.5825240979125,24.9987933723589,5.66009383348371,0.049628377007401,0.0877320418939217,0.001,0.497030300458728,0.001,0.149459388864443
"x_init317",9009194100,1.40048325838466,0.00109811693907183,5.46743524603011,25,0.001,0.001,0.0174902975989917,0.165957942240751,3,0.0487975192009324,0.0404797140163031
"x_init318",9011660101,3.09771560988625,0.142707602930059,7.41831573890625,20.8571564335603,6.82762231215927,0.299802468703497,0.027423563465582,1.01677265255091,1.70160456570675,0.127529157152958,0.121336281503468
"x_init319",9011660102,2.04944255093246,0.148230032316948,10.1299953030518,9.19765799399877,5.58638506192867,0.231453414215461,0.0563840380205991,0.001,0.463344972028315,2.59153580701522,0.15
"x_init320",9011693300,2.45006436376572,0.103804599970021,6.03485143021438,25,10,0.001,0.0424877396305174,0.001,0.01,0.258749165472095,0.0586338344662566
"x_init321",9011693500,2.02207985265808,0.142145330681503,7.84242320558594,25,7.94177051805028,0.195429329375761,0.0341178501638507,0.587633406375258,1.69404660091668,0.174533539129437,0.103286873456663
"x_init322",9011702600,2.423334723991,0.15,8.88500770173554,12.1414526109609,0.341677465337552,0.0651775604504215,0.0132454978115063,0.0851580490930843,0.01,1.23212811176653,0.15
"x_init323",9011702900,2.63398284674148,0.0987196410254023,18.5662035457586,20.0261855164384,9.76983204991156,0.0558305737932745,0.222166373696826,0.001,0.406934627180734,0.705492417662039,0.15
"x_init324",9011705101,1.52651415912839,0.134615602329581,9.87746418070657,17.488515467321,0.884756545708299,0.0039620713076795,0.0427432713247836,0.0323168414056342,0.112468407518509,3.49957972854735,0.15
"x_init325",9011705200,3.32998500804797,0.15,5.49267754307939,25,9.95406838347071,0.111359097407484,0.00301010735898016,0.110736675004289,0.0448316207153559,1.07654478049644,0.149994270819481
"x_init326",9011870703,1.85716391741009,0.15,10.6359803865237,24.9962884727815,0.0678504330389216,0.0227529130556214,0.0484223591531612,0.0358680727861337,0.318440070900808,3.49239933802885,0.0348652006432995
"x_init327",9011870704,2.7979380039665,0.15,8.38382488827167,7.41145823901094,9.97222247046839,0.0923226153371606,0.0303784081796559,0.197309427675327,0.01,1.04947403796341,0.149997183726047
"x_init328",36005013800,2.39887359211905,0.143281892887242,7.68182469713328,25,0.001,0.201116290314013,0.03971886769925,0.0243992270280798,1.88934386556793,2.75862441691593,0.123756263380393
"x_init329",36005016000,1.83528604722179,0.15,25,14.4313879948952,10,0.0220825458866167,0.053117477202487,0.001,0.01,0.879014644871991,0.149949100937261
"x_init330",36005051600,1.85993457332649,0.15,7.28728486979386,19.7157607221624,10,0.0230416815274864,0.0151530634317413,0.001,0.0234953726983394,1.03730646324617,0.15
"x_init331",36059300500,1.76302817762523,0.0780735480472405,8.46045309030752,0.001,10,0.0992351836890105,0.0354480778472794,0.001,1.46788833567739,0.001,0.15
"x_init332",36059301000,1.74680548233476,0.0777846907754642,7.95435872481004,0.0806296106756159,1.47772535887893,0.00100941642652845,0.0291928183579794,0.001,1.01876026053921,0.123459403173796,0.0168932556648888
"x_init333",36059301101,2.62033897854685,0.0777507924003348,8.82130772235103,0.001,1.65059429677845,0.0197512844032863,0.0378437969471662,0.00265797908315295,1.02933753227613,0.109455680819443,0.116414232645993
"x_init334",36059301200,2.02060002715501,0.100733656694082,8.9615632947669,0.001,6.18196898762084,0.0194481187063772,0.0381646904022923,0.001,1.12506922315804,0.017158767599131,0.15
"x_init335",36059301500,1.76409136536022,0.10303848877628,7.43601771813918,0.001,5.83342797918845,0.0421441049956768,0.0272227573808146,0.001,2.11619239866315,0.0205939211503155,0.15
"x_init336",36059517101,3.49231829245553,0.0956691767622137,19.6304553810263,25,0.001,0.42375435681103,0.121375089086875,0.0461199169637835,0.379652181223514,2.52858995015804,0.0113006838609381
"x_init337",36059517400,1.8018239711618,0.15,15.0451624524681,12.8019663596665,3.87130155041341,0.00560544128328367,0.0653032885981293,0.001,0.449008706646151,0.001,0.15
"x_init338",36059517500,3.42670214614608,0.0545973113188744,20.2510814457825,0.001,3.7481576248718,0.121502498867691,0.0773347190522706,0.00391275130760535,0.36408414115744,0.247050693803929,0.0306417275987283
"x_init339",36059517801,2.02792342199274,0.149998773729142,10.4132340552899,22.6642391949383,9.93134673780737,0.00974673445857929,0.0446310502954073,0.0967210483380239,0.0292552795681612,3.0631694423949,0.149977322809821
"x_init340",36059517901,1.84133537482747,0.101987603200297,15.7027657473615,0.00630067111424099,9.99989105647924,0.001,0.0187844567658435,0.0215532096325788,0.01,0.0544996819318139,0.149937056013333
"x_init341",36059517902,1.97378789032886,0.128428403246839,7.3478373603473,25,2.16703965134845,0.66508526504765,0.0370016304510833,0.0927731505663886,2.22352579399423,3.21300548703907,0.121017446799127
"x_init342",36059518000,2.59963571017031,0.0913798167913693,24.2453454498297,5.60178944268709,0.001,0.541091950009279,0.05046814992041,0.843618056129698,3,1.55778270030329,0.0325784007610057
"x_init343",36059518201,2.96734042678582,0.15,15.0353599686733,25,1.71689630853788,0.174761290465671,0.0982004444679269,0.0368176105144643,0.50483626879967,1.04531305889806,0.15
"x_init344",36081099705,1.76326626472731,0.0822615046043702,13.4103738575621,3.01892275885035,1.7172412027335,0.538380454364768,0.0754526074346357,0.00235347275942666,0.646304924607727,0.001,0.138306875503181
"x_init345",36081109300,1.90939176519422,0.115457401696841,12.8794189807205,25,0.794766982190592,0.513995183276947,0.0803882328666966,0.0361387078761105,0.704886033271792,0.00509792850007316,0.00115761185753736
"x_init346",36081111300,2.50791475605912,0.124512751673375,18.279402583942,7.40640614212453,8.18429391925117,0.643504123863473,0.0710071245775514,0.001,2.42390431939648,3.5,0.0643820793427664
"x_init347",36081148300,2.00050684401247,0.15,6.21765133980262,11.1335095196748,10,0.00816620222300701,0.00955174236960422,0.409438317190776,0.0180616224416574,2.45223416402041,0.149914881577153
"x_init348",36103110101,1.75910615054403,0.111493330423707,21.9983097382835,22.7452989394366,10,0.0141031305531665,0.142045379686336,0.001,0.28222691318855,2.97653748413046,0.149980676082378
"x_init349",36103110102,2.01399658307239,0.110671459314391,16.5090438920889,25,10,0.397907275275577,0.105641606512886,0.001,0.480908798419279,0.001,0.148620117255505
"x_init350",36103110300,2.10469694769724,0.15,12.2272230226872,0.784209045569746,10,0.146842934385399,0.0420190162912797,0.102493310412771,0.33412307317578,0.0222657564825773,0.149958898577591
"x_init351",36103110401,2.07504748610188,0.15,12.7554931214674,5.89610820882676,9.38085264214917,0.00483398747162689,0.0482614705357827,0.0971114447283094,0.0111787922894517,0.572978931227251,0.15
"x_init352",36103110402,1.91061804219673,0.15,16.1663029211866,25,6.73035013560908,0.0542908268609971,0.0609426875211252,0.001,0.316955196675879,0.001,0.15
"x_init353",36103110501,2.7044351417495,0.15,9.29570169669834,7.9042747678337,9.99893894066345,0.0699140018439196,0.0393274673347589,0.0830636055897413,0.0428738713276297,3.36302074693639,0.15
"x_init354",36103110600,2.03084460377199,0.108890826936077,10.4873168773421,0.001,6.67325364302238,0.119012773328891,0.0553266840803899,0.001,0.948471517420584,0.0274383531725455,0.14937828858825
"x_init355",36103110801,1.99056612825249,0.15,7.29958426517144,17.7625632200226,10,0.146984091513169,0.00836469301210505,0.001,0.01,1.27521560094682,0.149855581678027
"x_init356",36103110803,2.11233174176792,0.15,13.1726190710883,7.74814653905994,10,0.383937106640494,0.0520216475467387,0.0543857006558016,0.316013587059672,0.0295966986779439,0.15
"x_init357",36103134703,1.95492349777131,0.15,20.6800700095353,0.001,0.001,0.00809060853887837,0.0620658954345252,0.0321475357781397,0.241777652013816,0.0018636889513937,0.15
"x_init358",36103135004,1.9911493487314,0.141890603948296,8.22287004481879,25,7.57404910744446,0.978444958288901,0.0395419826885047,0.621103026670652,1.58989567807962,0.956973460153357,0.143456397753929
"x_init359",36103158001,1.74501857534155,0.0754064507728251,7.41225790227801,25,10,0.00103743302437795,0.0251295865735926,0.001,0.765241916361835,0.207818123103264,0.0551322145906297
"x_init360",36103158002,1.64983166497661,0.15,15.7482462794458,0.0569816599725687,2.76713944654898,0.001,0.0562677058837163,0.0170783771862913,0.013388906109504,0.449601518886532,0.15
"x_init361",36103158207,3.4863559960156,0.0856163236548404,16.2546820410022,22.3214251025122,2.20912103178242,0.0159282643435147,0.0997138263254137,0.0133543072569845,0.399125885279602,3.47912071645757,0.135017700201038
"x_init362",36103158304,1.9827920472854,0.149861707493539,14.5965995884417,2.71430744380125,9.38962918957997,0.001,0.0593377571833413,0.783674758878023,0.019478649343041,0.194012921485898,0.0485504993740976
"x_init363",36103158317,2.08724325939476,0.0545950193092297,11.2421963161982,0.001,0.409959336172161,0.404387664032305,0.0832015293561202,0.79932925550876,2.73698813604251,3.38888074795748,0.111498555681443
"x_init364",36103158402,1.67064925950614,0.140028875834117,9.96451406785337,12.9575151354153,4.71458896359824,0.210399434511261,0.0821144180979427,0.747083616763468,3,1.70748157073182,0.105022162429567
"x_init365",36103158407,3.5,0.0894747333864101,13.906643419234,22.0166674029758,2.43218828874992,0.558843098027086,0.0828345588818162,0.0026664405412733,0.622824561043455,0.931135432416102,0.0590875441445068
"x_init366",36103158408,3.5,0.147303121980642,20.7636908026385,0.001,9.85460831140055,0.971394099009198,0.0872237710137947,0.738254115526181,0.352059152722282,3.5,0.0420535134869818
"x_init367",36103169701,1.70100464121275,0.123026996284824,17.4056633246265,0.001,2.03226468916396,0.001,0.0591147273012397,0.0628456695033937,0.0248733005658276,0.281626317047127,0.15
"x_init368",36103169703,2.36596620751493,0.0855966790031892,15.1241883175421,19.4152512578829,2.82216700227042,0.001,0.0690743765361093,0.00155032245371005,0.0241956926210315,0.345770138975065,0.15
"x_init369",36103169901,2.55004980438347,0.124125271567855,16.0988658398807,13.4727491797147,6.78019806502065,0.001,0.0770282479018927,0.001,0.023565131293681,0.240326462917102,0.15
"x_init370",36103169902,2.97505544821683,0.149992335452106,9.89494548731578,10.287550730745,3.18869013030288,0.0257903280169638,0.0507743679722452,0.001,0.440217439338584,0.0952212174636702,0.15
"x_init371",36103170001,1.95277008492427,0.149992248696278,9.08552509237556,7.62448660221384,9.91755249346152,0.120996116686078,0.030252609882706,0.199802631587987,0.130719814364035,3.26518944860628,0.15
"x_init372",36103170002,2.00455551794708,0.15,6.71881396578191,0.001,9.6385354086228,0.0551379821696349,0.0142384770418456,0.365231110580232,0.109341852266284,2.70476067267692,0.15
"x_init373",36103170201,2.03292621816889,0.149991930762782,8.67352586457072,25,7.97675589551041,0.0486056658768804,0.033986300481506,0.0456651033075865,0.0597989993693374,3.02402134064814,0.15
"x_init374",36103170202,2.26113034653256,0.120991213333522,16.4551479064685,25,0.0115860612362544,0.0167524444200823,0.117328365143162,0.144153664730669,0.226551713930168,0.572680485577824,0.149800784890647
"x_init375",36103180300,2.00609738354055,0.147964022533985,7.02799463706626,25,8.37011090801222,0.0778536879149931,0.0224769588361927,1.73503501757137,0.924761556628011,3.5,0.118755700079048
"x_init376",36103200902,1.75632511678171,0.15,8.90014613465471,17.9574199544329,8.22679727131619,0.0736684893117612,0.0363399401548106,0.00574999061527805,0.712645504982036,3.49827503825227,0.15
"x_init377",36103201001,2.53302830572257,0.0985491931031327,6.39891535762134,10.5828865180428,1.92589890033747,0.001,0.0133173499495773,0.00998712724174241,0.0868788335402642,0.189898001400183,0.15
"x_init378",36103201003,2.7074322334426,0.121071412726308,16.1396618637333,25,10,0.106559795183882,0.11095990150989,0.001,0.410510746052553,3.21338650363887,0.0722049799812178
"x_init379",36103201004,2.16126991959869,0.0655184932060293,6.03286910643056,25,10,0.00101103240207108,0.0156508549555277,0.12736044621794,0.113317573908728,0.133888054264175,0.0669491077957826
"x_init380",36119006900,3.26260009356523,0.112767041604871,17.8575312187742,0.001,3.94800255597433,0.400172945749033,0.117904786762659,0.00473397097974109,0.39987783781489,3.23031690150629,0.0605831744465189
"x_init381",36119007000,1.76431254052453,0.0964447346386891,9.04590201682899,0.001,9.99213963330816,0.11498351658365,0.0422571320790777,0.001,1.21584143391363,0.121356521244003,0.122753871906587
"x_init382",36119007100,1.88655717853688,0.114241008146673,21.8343165503871,5.74048597658126,10,0.21673836071498,0.181553897283904,0.243257716057772,0.321090168494513,2.60253302298333,0.102757283219434
"x_init383",36119007402,1.85444253055175,0.15,7.90028631243099,4.87111284094423,0.001,0.111669335748052,0.0122598367813462,0.001,0.01,3.14670034562418,0.149979046808355
"x_init384",36119007500,1.80108202921052,0.0945021558149077,7.93050042878275,0.001,2.620482307557,0.126545032590968,0.0324601902520888,0.001,1.69949557423511,0.001,0.145748282889546
"x_init385",36119007600,1.73256199910635,0.0777605961943122,9.01994166080849,20.0428402239957,10,0.0129073078296506,0.0481883879595828,0.255550616943252,0.801973916931121,0.37518811521852,0.0641088463778308
"x_init386",44009041500,3.08148006733445,0.15,8.79672734846408,21.3654574212463,8.78885365958623,0.893918916330826,0.0415484668472854,0.055247541803664,1.25901182833981,0.440475971628517,0.15
"x_init387",44009051000,2.15798416967562,0.15,6.03353748846777,6.35027805077426,9.22771380617043,0.372515660990967,0.00107759644014675,0.0945687952258745,0.01,1.25846784745826,0.15
"x_init388",44009051101,2.80441246355182,0.148766223552871,5.49054685771556,16.0756062737248,0.0266281025060328,0.0640567514211276,0.00617951840035883,0.0571352971393464,2.1798326192038,2.05961223710798,0.149701996664078
"x_init389",44009051102,2.3143841341159,0.131968924261571,10.6385028390371,25,0.00727417091552874,0.130317876853977,0.0726498293657678,0.0645211255701241,0.949806812514594,0.343345156927022,0.149922227935471
"x_init390",44009051302,2.33910119318114,0.132223179060236,10.7251768464049,25,10,0.0329280046663761,0.0641919003227109,0.0731816986132154,0.114243746325513,0.772746589697466,0.15
"x_init391",44009051504,2.97346781562178,0.15,6.19998644370858,24.9958238277072,0.0182191809992337,0.0775741007777243,0.0105383513243373,0.0228518938844514,0.0349202224896608,0.956604384907485,0.149975854531182
"x_init392",9001050400,1.83717278472153,0.15,4.75392000490452,17.6971435453433,2.7545901440996,0.0908762171652159,0.00102349684360102,0.134563107775507,0.01,1.23775911991555,0.14991494506964
"x_init393",9001070400,2.05900840233486,0.149921949552587,20.2157340481982,2.36191497400725,0.001,0.475770702449134,0.167939223642307,0.0807106588360006,0.0680862286124182,0.726548188692736,0.137433029603782
"x_init394",9009140400,1.7466088667342,0.142086791863138,10.5163921917686,7.09109953046765,2.54136015400095,0.00101559736102763,0.0530835298890961,0.00803714738843233,0.124550387019176,0.200416179211413,0.149990450822151
"x_init395",9009142700,2.23638405795383,0.0612859365529565,14.0494225248295,20.942744442695,5.48871505790881,0.65736075074494,0.0815996031152268,1.32212588752073,2.81466402648529,0.232330927844166,0.0222678754934446
"x_init396",9011690900,3.2547363817581,0.15,9.63751083384499,6.80451259639301,6.87098872912638,0.534207800584442,0.0421295197578247,0.69368277140355,0.0817868170570873,3.45905055476647,0.0760687116366737
"x_init397",9011705300,2.73486131469748,0.147419535686236,14.7224886635081,25,0.622041640089715,0.167793507744306,0.0972131578231126,0.065136677667205,0.342533363407506,2.86305850558097,0.149970285650586
"x_init398",36005011800,1.8485021004208,0.15,7.45967494697162,12.0537506561178,10,0.162512837411164,0.0194624817729341,0.001,0.0169689283141914,2.35407461255419,0.149976958384557
"x_init399",36005027402,1.95447806264478,0.0777872002542735,15.5310606014056,24.9989454164829,9.99858146373836,0.00144361243791908,0.101657713971413,0.248047315038804,0.336965225277164,0.0753408729656102,0.0154037273156095
"x_init400",36059300100,3.5,0.15,12.4505492670835,25,0.444027605120124,0.340208186143478,0.063991189941783,0.00165296042276738,0.391641373471984,0.0156907151580948,0.15
"x_init401",36059302000,1.97650893348165,0.15,10.7640740983586,6.85156162791184,9.95635438667055,0.0358060990350426,0.0493297827861272,0.0683416460203933,0.348363264217049,3.49362031281967,0.15
"x_init402",36059517000,2.76785655360635,0.149982037781343,11.2499370456297,25,0.001,0.123815644616744,0.0695983991047639,0.055673654406231,0.74082750923353,0.496361898016966,0.0529665747031858
"x_init403",36081099703,3.49979084109942,0.07906149818773,13.4085195480234,0.001,2.14165886996947,0.202687418841479,0.0755894396778623,0.001,0.638065040048926,3.5,0.0327650317159087
"x_init404",36103134704,2.93150282221711,0.11136434327555,11.4478324324551,19.9859944536693,0.245359721764921,0.296025084144459,0.0979212417213454,1.64069147441426,1.76877505655574,2.30586954887361,0.0555830935761655
"x_init405",36119005902,1.72943859136011,0.149860986562919,8.28824630486482,7.41758906964564,4.64158310953746,0.585678188901405,0.0371467433411669,0.0390451154242841,1.19107458479153,1.38217284423675,0.0639982251018877
"x_init406",9009155100,1.80568855074514,0.149788594843325,6.90014031782174,2.46315833896917,9.86680026095488,0.243238210998618,0.0191936835596323,0.00425304513492871,0.568895607705908,3.42192026777347,0.11558955895577
"x_init407",36119005701,1.80982198198377,0.0803807410792542,14.2634229199611,12.6047137128705,10,0.0010086351747121,0.0817496828117799,0.001,0.368499790369527,0.139660085285513,0.0191905301618388
"x_init408",36119007200,1.76065914071617,0.0969433642262831,8.34142088821829,18.2476879327066,10,0.103784514831292,0.0414607264874205,0.2557506962704,1.16922282319916,1.1468966359436,0.15
"x_init409",9001070600,1.9543998747642,0.149711306404057,18.6104731461924,0.734772282099047,10,0.634369525224133,0.124223424746503,0.444422832698385,0.28069267714689,0.0744149699142491,0.0534379748706452
