census_tract,Surge_threshold,Rain_threshold,alpha_d,alpha_a,alpha_p,alpha_r,mew_a,mew_p,U_rate,POT_S_max,POT_R_max
09001011000,1.924873243,0.15,5.190461892,25,10,0.117884286,0.001121437,0.001,0.04386544,1.958312633,0.149973174
09001011100,1.882998634,0.15,20.43535741,25,9.904534532,0.204895949,0.064820029,0.005333874,0.169115401,0.366194881,0.149969233
09001011200,1.64910431,0.066089064,6.026579206,21.65833841,10,0.001088966,0.014278803,0.249704125,1.523207707,0.103596024,0.026405596
09001011300,3.232206825,0.15,11.3753243,19.55444384,9.973096686,0.065397803,0.049812109,0.059307987,0.015594703,1.462196417,0.15
09001021900,1.848242083,0.15,17.18272684,13.89103757,9.993293518,0.096001183,0.102438745,0.136374196,0.0504502,2.653320182,0.15
09001022100,1.711017075,0.108707329,20.31343824,25,10,0.037085559,0.151672202,0.275942618,0.308902246,3.336103543,0.04989108
09001022300,1.967485239,0.15,7.031897827,1.392216112,7.776157688,0.088388099,0.021550156,0.020408487,0.082517741,2.845388741,0.15
09001022400,1.897632527,0.15,5.862050969,5.064645531,0.001457596,0.040269582,0.003718326,0.625603783,0.01,0.738618317,0.15
09001030300,1.985439852,0.15,4.879498128,11.60445817,0.001,0.028626945,0.001,0.55065846,0.113269844,0.992422664,0.149953564
09001044300,1.982509542,0.149918843,5.949771915,8.720226946,4.402332269,0.105740202,0.013023516,0.068620289,0.216415698,2.34160227,0.15
09001044400,1.886834522,0.15,8.234294268,8.330031874,0.001,0.460060644,0.068962366,0.062736999,0.031877359,1.613050344,0.15
09001044600,1.966974906,0.15,6.245458678,13.10771878,0.034795038,0.050110349,0.002894048,0.074266268,0.01,0.94619467,0.15
09001050400,1.837172785,0.15,4.753920005,17.69714355,2.754590144,0.090876217,0.001023497,0.134563108,0.01,1.23775912,0.149914945
09001050500,1.888570556,0.15,7.045757158,21.03625257,9.999887024,0.077764989,0.017336276,0.00255719,0.01,1.754280995,0.149997856
09001050600,1.867796427,0.15,7.822747511,25,10,0.032964111,0.030965572,0.05760454,0.067606574,2.575071715,0.15
09001060600,1.656853933,0.15,11.28024875,25,10,0.020300202,0.058854186,0.001,0.179527899,2.198773757,0.15
09001061500,2.069030298,0.107634712,12.52570287,25,9.997832251,0.617628003,0.12844341,0.090980577,0.735630203,1.364544883,0.142025708
09001061600,1.871912217,0.149089196,4.368888725,25,5.319434156,0.014167216,0.001,0.524916714,0.011917235,0.190424735,0.074534628
09001070100,1.631136568,0.14636332,11.52479883,25,10,0.028051036,0.083161413,0.001,0.032146493,1.228623926,0.110821395
09001070400,2.059008402,0.14992195,20.21573405,2.361914974,0.001,0.475770702,0.167939224,0.080710659,0.068086229,0.726548189,0.13743303
09001070600,1.954399875,0.149711306,18.61047315,0.734772282,10,0.634369525,0.124223425,0.444422833,0.280692677,0.07441497,0.053437975
09001074400,2.051845756,0.15,14.77844566,2.465785168,0.001,0.128197363,0.080026927,0.147135219,0.023548483,1.024874203,0.111869829
09001080500,1.820288297,0.15,7.602534942,20.57115163,10,0.093656634,0.045067447,0.0089524,0.01,0.851008642,0.15
09007610100,2.591575523,0.15,6.167803119,0.001,7.608400066,0.297817402,0.006417385,0.050062425,0.217937418,2.970689023,0.084866006
09007610200,1.966220185,0.146294251,14.36735175,20.56201204,9.928124126,0.509930317,0.113405453,0.001,0.285581927,2.569638451,0.136078321
09007670100,1.753115455,0.145191049,12.83727342,18.06872643,6.927003768,0.033996657,0.095697956,0.001,0.148935562,0.747809625,0.100746352
09007670200,1.857196263,0.135103628,19.8886494,25,10,0.304916256,0.122192614,0.001,0.304072998,0.255335293,0.149604525
09007680100,1.924675985,0.122320662,7.921297665,25,9.983128928,0.906797446,0.048749785,0.927539492,1.833189241,2.105111657,0.043351537
09009140400,1.746608867,0.142086792,10.51639219,7.09109953,2.541360154,0.001015597,0.05308353,0.008037147,0.124550387,0.200416179,0.149990451
09009142700,2.236384058,0.061285937,14.04942252,20.94274444,5.488715058,0.657360751,0.081599603,1.322125888,2.814664026,0.232330928,0.022267875
09009142800,1.86122713,0.121328474,9.762162322,19.45888217,9.979107635,0.551898379,0.058352583,0.001,1.111205874,0.002100713,0.007877982
09009150100,1.975666858,0.136047257,12.39554912,7.469895058,6.760853837,0.828174504,0.071454821,0.796154885,0.64012641,0.684071653,0.079116964
09009150200,1.17954178,0.070743442,7.483257882,21.05781226,8.733188128,0.212976194,0.474370745,1.812660572,1.726604527,2.238025607,0.11863158
09009150400,1.90212222,0.139620454,17.75432376,9.84764985,9.732105769,0.099007574,0.158456699,0.284169833,0.135579289,0.401072893,0.149865452
09009150500,1.844594172,0.148649844,10.61072438,25,9.899023708,0.008526628,0.069361349,0.238754402,0.091845103,0.240234896,0.11910848
09009150900,1.711000976,0.148597739,8.36454159,25,10,0.010138331,0.035459117,0.001,0.073232815,1.719255897,0.128512241
09009151000,1.87305837,0.139959273,17.25158953,24.98865178,2.96676522,0.344928083,0.256527508,0.762481768,0.308038924,0.373957266,0.136977302
09009151100,1.908170693,0.149822812,13.16904277,20.06982438,9.999225836,0.274662062,0.112039318,0.815999438,0.104637113,1.865268407,0.118363855
09009154500,1.915792218,0.149029894,21.40126427,5.357198811,6.810223496,0.570650876,0.123540187,0.043592538,0.310066378,0.002992965,0.030708499
09009154700,1.724541072,0.142020691,8.731165901,12.15272345,2.633592926,0.001,0.042818478,0.027880196,0.070447886,0.112916428,0.017471145
09009154800,1.910298655,0.149798325,20.81088242,6.961459524,5.463676162,0.2433417,0.072445918,0.003961459,0.194845353,0.005198514,0.087078849
09009155000,1.529828897,0.148601519,14.17121534,23.8469786,10,0.039771431,0.097442284,0.001,0.289961227,1.821432135,0.028411965
09009155100,1.805688551,0.149788595,6.900140318,2.463158339,9.866800261,0.243238211,0.019193684,0.004253045,0.568895608,3.421920268,0.115589559
09009180100,1.974165484,0.138545143,9.482896599,4.559899021,8.527111976,0.507819543,0.062271521,0.44920992,0.416683569,0.364873399,0.106799278
09009184300,1.4855526,0.114544427,10.49577137,25,10,0.001,0.061940487,0.001,0.168179958,0.112691761,0.118899525
09009184400,1.968356829,0.145813832,8.886427837,24.76590261,8.580252944,0.161323944,0.053032172,0.049833296,0.45282886,0.574725826,0.110144491
09009184600,1.906426484,0.148524488,13.07017799,25,0.001,0.879373488,0.066601964,0.032447398,0.484598917,0.020270002,0.149701236
09009190100,1.964920908,0.147697626,12.70186824,25,10,0.238798367,0.094933909,0.43668308,0.235782943,1.30663835,0.116000864
09009190200,1.915337473,0.080600467,14.5825241,24.99879337,5.660093833,0.049628377,0.087732042,0.001,0.4970303,0.001,0.149459389
09009194100,1.400483258,0.001098117,5.467435246,25,0.001,0.001,0.017490298,0.165957942,3,0.048797519,0.040479714
09011660101,3.09771561,0.142707603,7.418315739,20.85715643,6.827622312,0.299802469,0.027423563,1.016772653,1.701604566,0.127529157,0.121336282
09011660102,2.049442551,0.148230032,10.1299953,9.197657994,5.586385062,0.231453414,0.056384038,0.001,0.463344972,2.591535807,0.15
09011690900,3.254736382,0.15,9.637510834,6.804512596,6.870988729,0.534207801,0.04212952,0.693682771,0.081786817,3.459050555,0.076068712
09011693300,2.450064364,0.1038046,6.03485143,25,10,0.001,0.04248774,0.001,0.01,0.258749165,0.058633834
09011693500,2.022079853,0.142145331,7.842423206,25,7.941770518,0.195429329,0.03411785,0.587633406,1.694046601,0.174533539,0.103286873
09011702600,2.423334724,0.15,8.885007702,12.14145261,0.341677465,0.06517756,0.013245498,0.085158049,0.01,1.232128112,0.15
09011702900,2.633982847,0.098719641,18.56620355,20.02618552,9.76983205,0.055830574,0.222166374,0.001,0.406934627,0.705492418,0.15
09011705101,1.526514159,0.134615602,9.877464181,17.48851547,0.884756546,0.003962071,0.042743271,0.032316841,0.112468408,3.499579729,0.15
09011705200,3.329985008,0.15,5.492677543,25,9.954068383,0.111359097,0.003010107,0.110736675,0.044831621,1.07654478,0.149994271
09011705300,2.734861315,0.147419536,14.72248866,25,0.62204164,0.167793508,0.097213158,0.065136678,0.342533363,2.863058506,0.149970286
09011870703,1.857163917,0.15,10.63598039,24.99628847,0.067850433,0.022752913,0.048422359,0.035868073,0.318440071,3.492399338,0.034865201
09011870704,2.797938004,0.15,8.383824888,7.411458239,9.97222247,0.092322615,0.030378408,0.197309428,0.01,1.049474038,0.149997184
34003002100,1.763272354,0.12596069,25,0.035876699,7.39721452,0.137712435,0.158874004,1.81988264,0.01,1.427949172,0.006447326
34003013001,2.101484439,0.15,14.94833436,3.773921084,9.856650254,0.174135536,0.06149841,0.016153238,0.01,2.999649275,0.15
34003013002,2.748839161,0.148550599,9.391491733,11.69344016,7.635632482,0.89074804,0.048174914,0.058059784,1.041447415,0.42633923,0.094392209
34003016000,1.638770412,0.10527933,12.8944184,0.001,4.399043355,0.054139843,0.182135867,1.112143492,1.74084345,2.614566821,0.07065677
34003019102,3.415857279,0.077159328,15.94013675,16.86207876,2.115123889,0.241435603,0.199169371,0.714153717,2.558579224,0.32742245,0.051133474
34003019202,3.00856929,0.109693343,13.70178246,17.20561584,6.937948416,0.367525256,0.141178949,1.303611202,2.202569513,3.073589299,0.126461202
34003055100,2.208006975,0.098886467,19.60891101,7.33775162,8.196289742,0.669441976,0.064767647,1.022659144,1.88216631,1.27856926,0.001
34017005802,2.184662278,0.149995774,13.65677146,2.25591925,9.998072414,0.266689852,0.037505906,0.125348702,0.011019876,1.472030732,0.15
34017007400,2.330532419,0.15,17.34243981,0.272882047,6.558068149,0.196223374,0.08596761,0.002837619,0.046491635,2.367022136,0.15
34017007600,2.262490344,0.064509997,21.55354956,9.527905724,3.232779937,0.905368804,0.05934377,1.349324011,2.507247144,2.458980253,0.114099821
34017007700,2.388416357,0.15,18.58266571,1.08277928,8.087449488,0.115224735,0.098577793,0.00131824,0.033883688,0.960765881,0.15
34017010300,2.053150587,0.100055948,22.76731199,23.00244729,10,0.001035365,0.223062577,0.26224934,0.308528658,0.11764119,0.013590266
34017010400,1.624513791,0.076811681,18.01367526,25,0.726167031,0.074159701,0.122540071,0.001,0.426647695,3.423502047,0.019058355
34017010800,1.71349976,0.11298055,10.72835716,8.131725875,0.001,0.391017849,0.061881552,0.057631838,0.836875575,0.847727891,0.127208876
34017011400,2.558254189,0.079572764,13.93139561,2.470168214,2.20071115,0.143172924,0.080621461,0.001,0.55232649,0.617484376,0.145839108
34017011500,2.154265586,0.109423845,15.76633623,4.303406014,2.869071634,0.097768613,0.09483602,0.001,0.46615615,0.040680023,0.15
34017011600,1.920114546,0.09260955,12.84756686,3.438624836,2.232449409,0.182662153,0.072344263,0.001,0.633111483,0.054431142,0.149902525
34017014101,2.10191236,0.120661281,16.66475642,1.670149521,3.571354893,0.34919559,0.121656884,0.029080643,0.441036218,0.141623787,0.149995368
34017015001,3.49370587,0.082534643,13.65732576,25,2.171926314,0.006413146,0.081684688,0.007000838,0.571487019,1.048018172,0.115775314
34017015201,2.178844336,0.15,11.57216221,24.99737275,9.185712154,0.001,0.045762936,0.112571494,0.01,1.358024614,0.15
34017015801,2.158923981,0.121408346,14.72569056,1.088476028,4.77699162,0.178816741,0.101923342,0.006467886,0.501729725,0.001307709,0.145299224
34017017900,2.531742933,0.149427242,20.62868996,6.591606578,2.886374206,0.36642847,0.138137192,0.027511907,0.231261328,1.430738886,0.149981928
34017018301,1.131166938,0.072391687,19.50930969,0.109151199,0.001,0.164982583,0.106644941,0.052614765,0.097326864,0.678357355,0.034515031
34017018302,2.760864503,0.15,12.64430314,0.001,0.01030817,0.132279538,0.059515018,0.060159752,0.178538913,3.214534963,0.15
34017018701,2.463930873,0.15,12.57258525,2.337847913,7.728819678,0.505996207,0.07304272,0.001,0.605061941,0.397555813,0.15
34017019300,1.925796405,0.117199553,7.725408465,5.086217577,10,0.974414611,0.039978773,0.238103248,1.85731594,2.617345569,0.15
34023003401,2.27457941,0.15,12.31878887,0.145560959,3.079516728,0.079848383,0.047640525,0.114539587,0.010263235,0.911639296,0.15
34023003600,1.913559964,0.100926397,9.356947139,0.108423815,8.046446405,0.170417741,0.043010707,0.001,0.796098572,0.082177942,0.15
34023004500,1.159280825,0.139572274,25,0.130347961,0.001,0.013067452,0.197268778,0.037102468,0.01,0.495441345,0.003935022
34023004600,2.172844194,0.15,25,0.896028389,0.277940367,0.023282727,0.14998138,0.139189718,0.01,1.248605939,0.15
34023004900,1.702720636,0.149997257,25,0.453836791,2.252466774,0.245629173,0.11555576,0.001197604,0.01,2.865273506,0.14988833
34023005000,2.743650264,0.15,17.53883932,0.012645623,4.337124951,0.683568518,0.106138708,0.025704336,0.334991722,0.879976836,0.15
34023007402,2.610546677,0.15,17.84652817,14.21790531,3.116730249,0.190900363,0.112057031,0.001971039,0.337814439,1.611242168,0.148894258
34023007500,2.166804584,0.15,15.19758172,6.090115716,0.909723892,0.00171234,0.105439707,0.191345647,0.01,0.212795237,0.15
34023007600,2.478716491,0.15,14.47798412,3.922866786,8.238806911,0.04103422,0.058116419,0.022422305,0.01,0.82321305,0.149964534
34023008001,2.069649495,0.148826676,25,8.847742802,0.009084572,0.052797698,0.18664358,0.634198085,0.174505267,1.118674117,0.047997632
34023009100,1.988058274,0.15,18.69032896,9.550721366,0.003324742,0.019545654,0.106619845,0.061863466,0.073163909,1.077744809,0.149984317
34025800100,1.872500046,0.145628132,7.640744124,21.94825561,6.347502524,0.938967643,0.329873461,1.982773503,0.067235694,1.666181897,0.086319548
34025800200,2.05667043,0.15,11.21913802,8.765166797,0.954161631,0.083547207,0.056239757,0.050276593,0.08516356,2.137246102,0.15
34025800400,2.072915454,0.15,10.10594369,6.550754571,2.710343332,0.109679208,0.05092423,0.372630304,0.021646583,0.945011906,0.149795553
34025800500,2.136970899,0.149786407,4.230047535,5.442994031,0.001,0.372932773,0.001,0.113723758,0.025270876,0.580029912,0.1236587
34025800601,2.080897568,0.15,3.294308115,21.22534033,0.001,0.575866037,0.001,0.050386421,0.01,2.478639924,0.15
34025801600,2.222175975,0.15,6.299674775,4.289665244,0.029932565,0.588989815,0.002028307,0.231533832,0.01,0.788543692,0.149606706
34025801700,2.17424331,0.036328345,7.0570961,3.183196021,1.808199201,0.023256072,0.082033957,0.00351818,0.055417976,0.001,0.15
34025801800,2.171353559,0.15,5.906300189,5.757150029,2.327308757,0.169928446,0.109325047,0.008646209,0.027859652,0.013681713,0.149932694
34025801900,1.84033709,0.149568658,13.65460705,11.8363868,10,0.159457728,0.093133389,0.001,0.409163558,2.879087701,0.075244889
34025802000,1.739925474,0.15,11.70062623,0.001,2.385189617,0.218862416,0.05447865,0.011288812,0.059662018,2.932240532,0.149982285
34025802500,2.014951357,0.123839151,8.347268331,9.718939323,2.195696455,0.924237487,0.044250684,0.081598886,1.483680262,0.655587383,0.073096056
34025812100,2.170282713,0.127203846,6.063191494,3.802528048,3.574594451,0.06904776,0.101359533,0.236340129,0.065614379,0.001,0.14989158
34039030500,0.001,0.108440928,25,2.826621637,0.674801406,0.005908119,0.170151362,0.009363254,0.01,3.16912631,0.129788563
34039030600,2.142039616,0.067655264,9.068790669,12.28933391,2.313472553,0.617093518,0.073176347,0.139074291,2.521854789,2.027536889,0.102065262
34039035400,2.973375904,0.15,9.765847757,1.953117977,6.693323668,0.092355241,0.039154797,0.0626283,0.012552559,0.355344475,0.15
34039039800,2.113174866,0.11368658,11.1593335,2.238679056,10,0.780329588,0.070475348,0.291077846,0.786952194,0.001,0.143488506
36001000100,1.911531602,0.15,19.67423144,5.249422222,5.734382598,0.057785617,0.076203517,0.002379091,0.277637346,0.001,0.149777037
36001001100,0.931701504,0.074891155,25,19.43713442,0.001,0.001,0.223382087,0.162783097,0.214276696,0.205083405,0.004764003
36001002500,1.007559308,0.14281298,11.24575114,15.60723451,0.986316433,0.001,0.047400154,0.046787832,0.01,2.801282134,0.118463052
36001002600,3.213925014,0.127423767,20.18083751,1.302166721,6.211003685,0.131329721,0.098601479,0.429241878,0.01,1.910257948,0.112526774
36001013100,2.938269523,0.106907581,19.20969909,4.349829897,8.581518721,0.333106225,0.009947474,0.231216614,1.510186276,1.811528139,0.106809082
36001013200,2.47686429,0.060141138,17.15880631,1.492860796,8.926372655,0.319062817,0.032976182,0.201613907,2.798931138,2.40993327,0.071497442
36001013400,2.188036592,0.127181909,16.38799755,18.70662638,4.350189423,0.822385418,0.051671466,1.844385882,1.838427794,3.117417419,0.019391865
36001013601,3.083721331,0.098018411,17.92594067,11.4779299,7.290508598,0.416185959,0.1148687,1.675237741,0.947419578,0.719617805,0.12341103
36001013602,1.984735082,0.068568765,14.51367337,0.001,9.471841485,0.836352076,0.06183803,1.681411992,2.706918772,1.605143308,0.083926792
36001014301,1.398546684,0.15,18.01463999,24.96921282,0.001,0.0044144,0.090717228,0.008354248,0.099669243,3.5,0.149145698
36001014401,2.407493865,0.092530393,18.04980591,6.632563854,5.653385392,0.862315809,0.060587993,0.60350538,2.397407526,1.697509017,0.1109711
36005011800,1.8485021,0.15,7.459674947,12.05375066,10,0.162512837,0.019462482,0.001,0.016968928,2.354074613,0.149976958
36005013800,2.398873592,0.143281893,7.681824697,25,0.001,0.20111629,0.039718868,0.024399227,1.889343866,2.758624417,0.123756263
36005016000,1.835286047,0.15,25,14.43138799,10,0.022082546,0.053117477,0.001,0.01,0.879014645,0.149949101
36005027402,1.954478063,0.0777872,15.5310606,24.99894542,9.998581464,0.001443612,0.101657714,0.248047315,0.336965225,0.075340873,0.015403727
36005029301,1.323513878,0.147309829,25,0.001,0.462646843,0.99972915,0.182888268,0.026245896,0.01,0.110569254,0.043487629
36005030100,2.319000413,0.07491848,21.30944734,19.51220662,3.153554057,1,0.124994,1.095502171,1.334381745,0.390604977,0.070399412
36005030900,1.4182997,0.14473536,25,0.001,0.001839787,0.53246027,0.154161566,0.065850705,0.01,0.001,0.139333951
36005032300,3.478437362,0.103814131,21.7728566,25,0.017656416,0.004029444,0.147646738,0.036185961,0.297399135,1.103396371,0.080281916
36005051600,1.859934573,0.15,7.28728487,19.71576072,10,0.023041682,0.015153063,0.001,0.023495373,1.037306463,0.15
36021000500,1.754471868,0.15,15.63049384,0.620786466,2.298150063,0.502890026,0.092111128,0.001,0.392469702,3.358326143,0.15
36021000600,1.133572262,0.143740381,14.79355506,25,0.365987051,0.001,0.087372911,0.041486163,0.026660978,1.520813017,0.128585494
36021001100,2.211701537,0.103254951,15.91379354,17.57995714,6.611474656,0.470329868,0.128993069,0.898172031,1.185509588,0.122947575,0.085883105
36021001200,1.70628661,0.070089073,17.09373359,18.98336122,0.001,0.884960756,0.13531823,0.592610588,2.705014635,2.350251427,0.067718269
36021001300,2.222379352,0.080562923,10.10937906,22.6104877,3.320035193,0.048550597,0.113796074,1.252755458,2.09870202,1.661981355,0.031218699
36021001400,3.124805224,0.063420791,19.79354468,19.7211594,5.306381759,0.985701135,0.088746605,1.59348758,2.124573449,0.8387186,0.052517788
36021001900,3.12376436,0.14554216,11.27285339,15.36574923,9.568201721,0.375451745,0.098801293,0.941439287,2.820262054,3.278769288,0.112255005
36021002000,2.66358062,0.001,25,0.360245297,0.001,0.025626873,0.146713098,0.02881604,0.086215353,2.533639971,0.128117755
36027060100,0.508066856,0.055520914,25,0.280778515,10,0.039807239,0.194957029,0.97294913,0.01,3.5,0.128342844
36027060202,1.731905077,0.084795397,11.11541718,25,9.966687083,0.001,0.06204976,0.001,0.774149768,0.08723353,0.013196151
36027070101,1.910701484,0.149940563,13.00621822,19.47233456,1.951831186,0.077463684,0.072067461,0.002993299,0.646860704,0.001,0.141252682
36027070201,1.551622403,0.035624468,18.77108563,1.508035499,10,0.023303422,0.255125805,0.001,0.403345764,0.19226862,0.15
36027070401,1.490092455,0.15,18.94176305,25,0.001,0.001,0.086592272,0.001,0.113402887,3.5,0.15
36027140101,1.913934706,0.15,19.6579528,1.240516408,4.902724227,0.163966753,0.100802002,0.002096967,0.324488014,0.014737795,0.15
36027140500,2.119145335,0.05846931,8.955251875,3.081657259,10,0.206274027,0.161806494,1.460012896,1.869110988,2.735392068,0.020096624
36027140602,3.342757467,0.121421831,21.83628173,16.68864061,8.593243263,0.029384197,0.087475364,0.93774894,2.569911122,0.857137914,0.093417295
36027140801,1.418155972,0.15,24.59180649,0.002378475,0.002847481,0.40289596,0.131307407,0.067419289,0.016929981,0.001,0.149970675
36027150003,3.5,0.119366094,25,1.571835474,6.157427006,0.086647241,0.184093683,1.261745877,0.01,3.5,0.043132788
36027160003,1.911320797,0.076663019,17.67304115,25,0.065628553,0.101144615,0.120670422,0.019296579,0.438192248,0.001,0.092628068
36027190301,1.815410071,0.090521201,8.683281728,9.535719256,8.296481872,0.250637521,0.092227401,1.059941872,2.988515201,2.317559204,0.079395756
36027210201,3.317874199,0.15,18.04806083,8.584138935,6.929676451,0.238485155,0.108356496,0.001383794,0.286916445,2.289117108,0.15
36027220100,2.351950159,0.15,17.77694079,2.041635377,5.565445878,0.122861449,0.109372459,0.041960286,0.277817949,2.98401091,0.15
36027220700,1.835352096,0.097299867,23.02207256,1.871173307,0.002360487,0.025634709,0.150159355,0.23315492,0.239633499,0.783530328,0.147247794
36039080100,2.268636654,0.15,14.6442694,25,6.624805791,0.001,0.08896889,0.01430281,0.467674554,0.180801953,0.15
36039080600,1.644754585,0.067200439,8.551576291,0.001,0.274708493,0.070259598,0.112703776,0.845816985,1.987372885,1.801849586,0.058916935
36039080700,1.761669155,0.1499999,13.03368861,2.065398315,2.691666042,0.183386775,0.075120953,0.007191363,0.543838193,1.348328843,0.15
36039080900,1.642645585,0.15,17.20613338,3.132123885,0.001,0.094712349,0.096533829,0.063513006,0.209720267,3.368662622,0.149962046
36039081000,1.923367027,0.121349315,10.3320442,2.327019349,9.994633519,0.371543891,0.060025286,0.001552442,0.897381144,0.001,0.099471484
36039081102,1.330231517,0.149932103,25,10.15216416,10,0.010986769,0.176930799,0.001,0.085276989,0.849752038,0.057610595
36047000301,2.765853196,0.093505735,25,0.022427979,0.001,0.999398243,0.153196189,0.037757322,0.01,0.665288839,0.038426867
36047000700,2.11186699,0.15,14.84720474,0.478579306,0.809408445,0.580204462,0.086426989,0.116453914,0.390318773,1.555293281,0.15
36047003400,2.099475444,0.104138206,21.50637843,10.78143665,9.999431202,0.001,0.153254233,0.316952446,0.27758894,0.061531622,0.00300567
36047003800,1.646976169,0.139304625,21.13751554,0.001,5.865771663,0.555450462,0.111000593,1.03900294,2.363108326,1.595713454,0.047121949
36047004400,2.942244886,0.112146039,10.94644651,21.79072275,4.396629211,0.668130019,0.058570249,0.731797517,1.731013614,0.489748676,0.003680028
36047004600,1.859404016,0.054594307,25,0.001,1.840180261,0.942533345,0.075614744,0.514172412,0.779179352,1.010453796,0.061426779
36047004700,2.284329369,0.143429732,11.11302019,11.92962009,4.968340272,0.561364898,0.067474786,0.001,0.811706186,1.200654991,0.13692371
36047005000,2.123731343,0.05460022,19.3414348,0.004985416,4.456810129,0.380457756,0.083917253,1.326831232,0.60085586,3.173212134,0.107557269
36047005201,0.098881565,0.141389699,25,1.728883472,10,0.006747718,0.144871787,0.001,0.015512084,3.495597505,0.001826715
36047005202,3.035366296,0.07694281,20.06214231,12.13635329,1.30579134,0.348600013,0.109777804,0.220883752,0.704707617,0.815224757,0.125912889
36047005300,2.763982027,0.149848823,13.78896579,6.515679746,7.384793089,0.173350901,0.116917677,0.168247702,0.042751522,0.281005273,0.077128681
36047005400,1.693269588,0.10839638,17.091454,0.41253184,0.219822905,0.248491249,0.140600609,0.001,0.45378119,0.15017481,0.15
36047005601,1.859737272,0.097065985,12.26236129,12.32369345,5.466328335,0.885821436,0.111891192,1.354703092,2.074412059,1.810613819,0.056754337
36047005602,2.585127919,0.093337185,25,1.384804984,0.001,0.023073937,0.163901398,0.050888663,0.010385858,2.374508242,0.067531955
36047016200,3.5,0.15,22.30946189,25,0.001,0.001,0.11261634,0.001,0.041536126,3.5,0.15
36047016800,1.703975096,0.113332326,16.61652317,16.45777033,4.447166788,0.410497819,0.063322567,0.305083216,2.812167962,2.743583644,0.057950483
36047017400,1.828532785,0.020957862,20.14909746,25,5.87872332,0.001,0.061827435,1.705209291,0.265383528,3.139851453,0.15
36047017600,2.618592815,0.053605805,15.57611129,0.001,7.757264484,0.02663612,0.070208928,1.518029619,1.820075804,2.353966713,0.119835086
36047028000,2.880774673,0.137921154,15.76015022,17.30675524,0.852675237,0.215626386,0.07604142,1.381968633,2.068416291,1.796335516,0.06543997
36047028200,3.047182126,0.087292545,13.00792577,10.43887886,5.9892405,0.46524307,0.08432587,0.462172558,2.568549908,0.660509453,0.055319701
36047028600,1.453922303,0.100218786,23.80562641,0.449019237,0.003179169,0.074037851,0.188422814,0.001,0.277338042,1.451197098,0.149974224
36047029200,1.486920807,0.142159416,19.7304762,1.931647794,9.999997971,0.201368779,0.136481494,0.001092955,0.320003038,3.46076625,0.008987782
36047029400,3.255290797,0.15,22.31251609,2.426068951,6.129018015,0.19519639,0.109576718,0.014869639,0.011898535,1.81119344,0.15
36047030400,3.180706609,0.15,22.07460469,21.21428495,6.696676576,0.001,0.093892563,0.00534303,0.010405464,0.026455724,0.15
36047031400,2.11165579,0.088255997,15.24228919,12.36611881,2.283340774,0.060576444,0.083617601,0.001,0.470372864,0.092068251,0.15
36047033000,2.177855895,0.037469821,22.49336332,0.886315564,4.523280718,0.014771848,0.205435001,0.305076548,0.105325718,0.001,0.129501368
36047033600,2.089627224,0.15,6.771138794,6.156348241,1.258615204,0.357704689,0.025999304,0.47775852,0.015236715,1.24412782,0.15
36047061002,3.07547015,0.15,18.05318531,9.714512207,0.001164312,0.202502256,0.126808714,0.057178762,0.335571711,0.532702953,0.15
36047061600,2.3055091,0.149699813,10.65151587,23.93370615,9.614305918,0.16982557,0.085364819,0.002146385,0.05720054,1.642917503,0.127184524
36059300100,3.5,0.15,12.45054927,25,0.444027605,0.340208186,0.06399119,0.00165296,0.391641373,0.015690715,0.15
36059300500,1.763028178,0.078073548,8.46045309,0.001,10,0.099235184,0.035448078,0.001,1.467888336,0.001,0.15
36059301000,1.746805482,0.077784691,7.954358725,0.080629611,1.477725359,0.001009416,0.029192818,0.001,1.018760261,0.123459403,0.016893256
36059301101,2.620338979,0.077750792,8.821307722,0.001,1.650594297,0.019751284,0.037843797,0.002657979,1.029337532,0.109455681,0.116414233
36059301200,2.020600027,0.100733657,8.961563295,0.001,6.181968988,0.019448119,0.03816469,0.001,1.125069223,0.017158768,0.15
36059301500,1.764091365,0.103038489,7.436017718,0.001,5.833427979,0.042144105,0.027222757,0.001,2.116192399,0.020593921,0.15
36059302000,1.976508933,0.15,10.7640741,6.851561628,9.956354387,0.035806099,0.049329783,0.068341646,0.348363264,3.493620313,0.15
36059517000,2.767856554,0.149982038,11.24993705,25,0.001,0.123815645,0.069598399,0.055673654,0.740827509,0.496361898,0.052966575
36059517101,3.492318292,0.095669177,19.63045538,25,0.001,0.423754357,0.121375089,0.046119917,0.379652181,2.52858995,0.011300684
36059517400,1.801823971,0.15,15.04516245,12.80196636,3.87130155,0.005605441,0.065303289,0.001,0.449008707,0.001,0.15
36059517500,3.426702146,0.054597311,20.25108145,0.001,3.748157625,0.121502499,0.077334719,0.003912751,0.364084141,0.247050694,0.030641728
36059517801,2.027923422,0.149998774,10.41323406,22.66423919,9.931346738,0.009746734,0.04463105,0.096721048,0.02925528,3.063169442,0.149977323
36059517901,1.841335375,0.101987603,15.70276575,0.006300671,9.999891056,0.001,0.018784457,0.02155321,0.01,0.054499682,0.149937056
36059517902,1.97378789,0.128428403,7.34783736,25,2.167039651,0.665085265,0.03700163,0.092773151,2.223525794,3.213005487,0.121017447
36059518000,2.59963571,0.091379817,24.24534545,5.601789443,0.001,0.54109195,0.05046815,0.843618056,3,1.5577827,0.032578401
36059518201,2.967340427,0.15,15.03535997,25,1.716896309,0.17476129,0.098200444,0.036817611,0.504836269,1.045313059,0.15
36061000700,2.591629019,0.149996784,16.60964834,0.332403686,7.10036619,0.508626137,0.090859545,0.001,0.233936397,1.382753936,0.149992203
36061000900,2.391340131,0.149596448,17.69436772,1.865215575,1.177335863,0.830305893,0.114573757,0.143869675,0.187619132,1.361843693,0.15
36061001300,2.090024787,0.134330695,12.20106565,1.467647681,0.00876453,0.973060172,0.076730481,0.259009091,0.611805065,0.207431486,0.149457526
36061003700,2.12096109,0.141056544,9.527506299,25,9.973775287,0.097459066,0.048499594,0.005055167,0.899743093,0.730700543,0.149855367
36061003900,3.352409132,0.123091481,10.80192176,13.40851102,0.016733623,0.511797958,0.07652197,1.66282135,0.938577446,0.046214824,0.023514515
36061006900,2.70136,0.127773688,10.20185467,4.422780722,3.621810746,0.057827691,0.054160678,0.068817815,0.811196602,0.020152785,0.125761408
36061007500,2.91067291,0.15,12.39075261,18.08786978,8.757508096,0.086338449,0.064830607,0.011944548,0.180146407,3.431189123,0.15
36061007900,2.665218658,0.15,16.67195455,3.663470992,8.148442431,0.247802698,0.087006124,0.002024127,0.010000795,3.1155247,0.15
36061009900,2.123751787,0.122589208,7.685127823,4.84772215,7.46987022,0.708227061,0.044675049,1.20666061,2.054836968,0.001,0.025767517
36061012900,2.902075637,0.15,23.10830904,15.12214888,4.729520712,0.351261967,0.159320625,0.008743727,0.305839644,0.499380048,0.15
36061013500,3.11105276,0.080037615,14.83305724,5.716664501,6.822967277,0.316197571,0.172851367,1.352464714,1.619916892,1.029215296,0.101973152
36061015100,0.949753181,0.121275449,21.68573081,0.798629653,10,0.068989598,0.155768974,0.001,0.284803416,2.379687033,0.09193662
36061015500,1.547306183,0.073343754,18.91926821,0.001,5.882052809,0.001,0.193410907,1.262873919,2.404654438,3.5,0.064200243
36061015900,0.190705865,0.05021533,25,1.759068066,0.001,0.001,0.257560699,0.018640072,0.01,3.499780267,0.112023584
36061016300,1.752926272,0.119279202,22.26362116,0.585880699,10,0.084560558,0.169118651,0.938844456,0.29929893,2.305123573,0.059812988
36061016700,2.115995104,0.074081676,19.92558965,19.2451676,4.103239781,0.452155115,0.164592517,1.936005013,1.673628561,3.216484187,0.074740275
36061017100,3.180459329,0.079226891,21.70976747,14.54828005,2.706259655,0.860431049,0.170100621,1.880609392,1.059236779,2.036490179,0.023831283
36061017500,1.646993772,0.085001332,15.16521627,0.001,7.088167605,0.995186468,0.334673141,1.545078339,1.447684621,0.20270636,0.039177699
36061017900,1.418571587,0.15,25,0.001,0.001,0.474475411,0.224115235,0.072310845,0.01,0.001,0.15
36061018300,1.571586869,0.127491821,23.97943546,0.001,7.15320734,0.001,0.235283053,0.907305685,1.305600423,3.5,0.055365167
36061018700,1.650402219,0.126871667,15.99807158,7.746619768,2.911649968,0.19373918,0.326345817,0.264902,0.69029007,2.368267437,0.026618724
36061019100,2.189569392,0.110395363,21.00169681,17.4596829,1.98213608,0.574307357,0.19249241,1.338613388,1.098453741,0.205455709,0.053487988
36061019500,0.00146694,0.099580187,25,0.001,0.001,0.994544825,0.205760589,0.032190027,0.01,0.91915895,0.005461929
36061019900,2.093369946,0.077314237,14.79584866,24.87178694,7.544570544,0.924376159,0.149270601,1.414180444,2.453844268,0.478174616,0.096533029
36061020500,2.521067892,0.080631304,18.80681363,15.77717873,3.801062998,0.690231815,0.214406441,1.239497694,1.368392381,0.826112014,0.105119482
36061021100,2.641185972,0.076876567,16.95923308,5.977099008,5.159827663,0.153286088,0.209183299,1.063387979,1.442526895,2.512115492,0.094460581
36061021900,1.603859782,0.109304894,25,0.001,0.001,1,0.141909703,0.100668492,0.01,0.001114361,0.001
36061022301,2.530172943,0.07329678,16.78546726,10.79914681,4.849808577,0.180538339,0.15491203,1.777838573,1.089540766,2.864888036,0.024151397
36061022302,3.199095102,0.07998594,10.15910488,1.35394954,4.616339092,0.379744248,0.184779285,0.989361385,1.944126339,1.638711391,0.072851572
36061022500,2.380136193,0.079995185,12.25874342,20.86383477,10,0.690290397,0.179786416,1.003505947,1.352210358,0.743821814,0.108523418
36061022900,2.053308289,0.119349899,25,0.004163673,0.103570316,0.837903174,0.306562792,0.034300916,0.01,0.028620766,0.002084102
36061023300,3.499976583,0.114646957,25,5.678522547,4.226427219,0.004074123,0.20518545,1.625013938,0.01,3.5,0.02326667
36061023700,0.1,0.1,0.1,0.1,0.1,0.1,0.1,0.1,0.1,0.1,0.1
36061024100,1.949047994,0.0798727,12.95257794,7.538238607,0.258791224,0.54720468,0.181886574,0.487340972,0.726685707,3.308999271,0.036601474
36061024700,3.499272908,0.112057943,25,0.001208221,0.001229073,0.99964811,0.362761525,0.302214757,0.01,3.5,0.001
36061025500,0.17214233,0.018040577,25,0.001,0.001,0.999716176,0.211388198,0.03823111,0.01,1.11597253,0.061284654
36061026500,0.254138414,0.105606744,25,0.001,0.001,0.616262643,0.276461999,0.030492236,0.01,0.895738196,0.002877181
36061027300,0.1,0.1,0.1,0.1,0.1,0.1,0.1,0.1,0.1,0.1,0.1
36061027500,2.633438379,0.099514541,22.32438065,11.85175644,0.18699876,0.677877757,0.182139888,0.064790213,1.636099218,0.909799708,0.07983329
36061028700,1.421965835,0.14348451,25,0.001,0.006428681,1,0.205239804,0.137750071,0.01,0.001000104,0.142307274
36061031703,3.453827227,0.098293726,13.86194103,19.14403201,2.797154101,0.729016854,0.104707542,0.311336393,1.583605338,3.154561862,0.120243203
36061031704,3.023549038,0.113938559,14.00636255,2.592047279,1.599074123,0.050514189,0.082467213,0.0027464,0.570820197,0.006825605,0.136372676
36071000100,3.266436164,0.082779829,23.53096737,6.533446417,10,0.001,0.174014458,0.344490511,0.266646055,1.74263342,0.014348607
36071000400,2.082928059,0.15,15.90674368,0.001,2.890642349,0.864463907,0.132980849,0.068961507,0.504592125,2.246800119,0.149913971
36071000501,1.687194339,0.093421564,10.22636776,24.8852893,4.813238103,0.310091813,0.288476574,1.952302381,0.866473384,2.336579559,0.122322593
36071000502,0.1,0.1,0.1,0.1,0.1,0.1,0.1,0.1,0.1,0.1,0.1
36071010102,1.706111578,0.088671434,13.40667496,9.920887955,1.389296042,0.015055689,0.078165498,0.001815394,0.514029494,3.5,0.13565614
36071010200,2.688573689,0.066102865,24.85782123,12.28852323,0.853322896,0.60725874,0.098672447,0.965309504,1.759454479,1.21741852,0.080707418
36071012700,1.10817585,0.080270535,25,0.202785264,0.001,0.112069222,0.185197819,0.028071962,0.01,3.498797771,0.133133161
36071012800,2.717854065,0.061147651,9.75555795,4.501444284,7.473558482,0.927680918,0.078013508,0.797180977,2.556481144,1.138737521,0.133880928
36071012900,1.62866149,0.079362255,15.35032101,25,0.738792194,0.037184098,0.094711958,0.030777196,0.532312973,1.663528821,0.047431803
36071013100,1.690892872,0.076515585,12.18567945,25,1.114077105,0.001,0.068089988,0.001,0.608304663,0.271034919,0.072437753
36071013600,0.207515444,0.109824814,10.51946283,23.52094817,1.43284283,0.701127766,0.201140664,1.781450209,0.321151391,1.686431401,0.15
36071013700,1.763011447,0.142071605,25,0.129568848,2.225241585,0.195049653,0.147106819,2,0.013046931,3.5,0.001
36071013800,2.748729606,0.130815834,9.381706318,22.60411298,8.873898928,0.790774216,0.08832982,1.485239408,2.329046933,3.378927803,0.095799886
36079010600,1.906462292,0.15,13.34219104,14.63942575,5.916762877,0.246745495,0.055784586,0.007990962,0.475558073,0.00619565,0.15
36079010700,1.847958848,0.15,12.75062761,0.464772319,5.625252672,0.240106173,0.064333371,0.01479228,0.324020507,1.263275729,0.15
36079010800,1.911173005,0.15,10.12645112,2.759572089,2.35102064,0.999780309,0.054379932,0.121233277,0.970715139,0.142578495,0.149986512
36081091601,2.106571309,0.13461391,10.32699743,24.50914399,0.148699775,0.370449209,0.088166149,0.074782586,0.530978652,0.046789475,0.149979205
36081099703,3.499790841,0.079061498,13.40851955,0.001,2.14165887,0.202687419,0.07558944,0.001,0.63806504,3.5,0.032765032
36081099705,1.763266265,0.082261505,13.41037386,3.018922759,1.717241203,0.538380454,0.075452607,0.002353473,0.646304925,0.001,0.138306876
36081109300,1.909391765,0.115457402,12.87941898,25,0.794766982,0.513995183,0.080388233,0.036138708,0.704886033,0.005097929,0.001157612
36081111300,2.507914756,0.124512752,18.27940258,7.406406142,8.184293919,0.643504124,0.071007125,0.001,2.423904319,3.5,0.064382079
36081148300,2.000506844,0.15,6.21765134,11.13350952,10,0.008166202,0.009551742,0.409438317,0.018061622,2.452234164,0.149914882
36083040400,2.698063284,0.091880913,19.49999129,9.788683367,9.188682674,0.182751157,0.085899601,0.380301029,2.50493335,1.433172066,0.020403537
36083040700,1.911087365,0.149933658,15.13411376,0.125019649,5.984955826,0.207135521,0.069828111,0.061599207,0.252816929,0.001,0.144064559
36083040800,0.441698093,0.120178894,9.197478301,25,0.466872164,0.001,0.039399737,0.02307791,0.358919738,3.5,0.137472429
36083040900,1.324541902,0.105888111,4.19267306,0.001,1.144515534,0.003439867,0.014687032,0.016052007,0.01397535,0.75655991,0.049812051
36083041000,1.716143788,0.09011893,17.9450686,4.615575905,0.400224838,0.540369229,0.034023978,1.878782715,2.476961901,1.071128207,0.021252377
36083051500,1.990337798,0.110891426,19.14519732,15.64998941,1.238793096,0.306743286,0.01978368,0.648528409,2.005799045,3.053977617,0.00398908
36083051600,3.487442584,0.15,23.15045075,25,7.583539729,0.006345708,0.106195391,0.001,0.01,0.713415188,0.15
36083052301,2.035753264,0.06541143,11.09592141,9.883391307,6.629494724,0.810253311,0.130965032,1.581642535,2.681630326,1.847625324,0.072007013
36083052404,3.391747112,0.06757436,21.31383687,8.026261841,0.126928357,1,0.122655227,0.138487104,0.338925407,2.585201264,0.001
36083052501,1.976040438,0.107470277,9.405197835,3.776316367,6.289315163,0.124210939,0.093991412,1.491772289,2.026130814,1.323885678,0.046903265
36083052503,0.532825755,0.134823119,10.68728221,16.35213264,0.001,0.001,0.047770698,0.001,0.090476938,3.5,0.140790218
36085000300,2.527839557,0.15,20.75290535,1.667166031,5.946825605,0.646624183,0.121373871,0.001,0.096306239,1.545885349,0.15
36085000600,2.170984496,0.15,18.67057622,1.313204253,2.337048296,0.038244115,0.094358774,0.103897715,0.023869437,0.607734174,0.15
36085000700,1.636011509,0.086214354,18.73560008,0.001,0.001,0.041793006,0.162379756,1.142525446,2.870321093,0.964967934,0.089480069
36085002100,1.841258077,0.149538373,13.72002672,1.786104037,1.018470601,0.229347785,0.074497637,0.101787215,0.404761354,1.085873604,0.049971201
36085007000,2.057502703,0.11991118,13.80895522,6.121926756,0.001,0.222709428,0.1090206,0.083374861,0.593499087,0.666663569,0.14996731
36085007400,2.656992509,0.15,16.96316429,2.838397814,1.334625566,0.265337157,0.139329572,0.03593084,0.405009319,0.412847399,0.149997046
36085008100,1.645317481,0.094487369,17.30739998,0.001,6.280239796,0.229061934,0.117096815,0.326622633,2.796695873,1.949683559,0.136792991
36085009700,2.655478828,0.15,10.64041061,2.964957974,0.00913448,0.05864038,0.048207758,0.068464565,0.106115943,2.684169956,0.15
36085011201,2.162344632,0.149733424,9.153513629,6.070320343,1.565979169,0.614016828,0.067093405,0.087056476,0.060875427,1.239774857,0.109773922
36085011202,2.714748691,0.149713904,5.450983599,5.891345146,9.987197553,0.317223952,0.001,0.035332571,0.01,0.182064734,0.110320238
36085012804,2.546712811,0.15,7.322197903,5.375578802,4.663983844,0.873036499,0.018943831,0.092991263,0.01,0.750832559,0.15
36085012805,2.079511457,0.137097078,16.53081306,2.0176641,4.912722583,0.232823052,0.132396818,1.559536125,0.37795271,0.5504071,0.040258842
36085012806,2.801098711,0.132387075,10.67703672,4.940787696,1.196942209,0.652908732,0.073107628,1.271713686,0.78174616,1.771048764,0.119294386
36085015603,2.139620422,0.149880972,7.291123976,7.75006657,2.412007812,0.112487711,0.031806094,0.184519805,0.017905471,0.402377484,0.098679177
36085017600,2.694078936,0.07538434,7.956003179,3.403585275,9.998339141,0.008982207,0.030375844,0.097583016,0.963168676,0.010576387,0.044841008
36085019800,1.746002337,0.074828047,9.887456004,24.82179258,10,0.001,0.047212442,0.040630993,0.454888774,0.126447257,0.038236672
36085020700,2.03392682,0.103212329,24.96838327,5.439706567,10,0.011814821,0.180713296,0.283515202,0.199540188,0.261494271,0.024788833
36085020801,1.622060735,0.043204827,18.44374793,25,3.428307243,0.001,0.086285728,0.535065314,0.365215448,0.329955126,0.15
36085022300,2.317454449,0.15,14.54297277,5.515158462,7.745657956,0.58002704,0.075949556,0.001,0.402806543,1.939145247,0.15
36085022600,2.680789372,0.15,16.75187869,24.99959886,0.127247738,0.05175375,0.085061557,0.021256861,0.21973499,2.985325638,0.15
36085024401,1.453337537,0.041963681,12.90843194,17.39318676,5.854940175,0.004335035,0.067835946,0.895522444,0.62163336,3.5,0.149989662
36085024402,2.164702901,0.15,6.538057525,0.831576885,0.001,0.077573895,0.014483596,0.06916876,0.093925083,0.983302909,0.15
36085024800,2.622650434,0.15,13.0518257,5.460192008,0.082565896,0.058198837,0.065689486,0.029302468,0.049437943,2.619947742,0.15
36085029102,2.216144128,0.139102688,20.89412322,17.5798194,0.001,0.021248611,0.157236275,0.070728311,0.235446146,0.521287162,0.15
36085031902,1.854421452,0.15,16.97183108,3.410146658,1.52525985,0.113059424,0.095458624,0.033235956,0.201393111,3.072191969,0.15
36085032300,1.637856827,0.121259493,17.15783086,0.001,6.370831824,0.484258041,0.084785953,1.598363083,0.452022607,2.05344184,0.021958558
36087010101,1.646808984,0.087341231,22.63648732,0.001,3.441208278,0.703403503,0.075710616,1.498174985,1.833692258,2.798422633,0.050012169
36087010200,2.000042975,0.15,19.63354486,9.435270121,0.500813669,0.099134396,0.144566449,0.277735627,0.297916228,1.30769523,0.149771142
36087010602,1.911896326,0.15,16.47331365,0.125815893,5.149372103,0.088388865,0.08261226,0.011031274,0.274267674,0.001,0.15
36087010701,3.401805279,0.13969779,13.1065055,0.001,2.357639543,0.804081833,0.121930693,0.968037293,1.69316406,3.455193707,0.112318729
36087010703,1.2844429,0.08919454,25,4.838059708,0.001,0.011599308,0.144903063,0.035797884,0.030218468,2.583566913,0.041396579
36087010902,3.49992944,0.082689449,17.84246,25,2.219024766,0.145374065,0.11031504,0.010127998,0.427116115,0.052340351,0.108553909
36087011000,1.754717068,0.15,15.20067131,25,1.06550396,0.048446255,0.08020788,0.001613149,0.295529683,3.272627089,0.15
36087013003,3.394765513,0.15,12.73339405,10.54606179,9.984496033,0.038318335,0.054372869,0.043950279,0.010106194,0.200229017,0.15
36087013100,2.0505637,0.15,19.43951662,2.822045192,4.507614867,0.027679312,0.103771195,0.017121534,0.027867343,0.879707856,0.15
36087013200,2.047821675,0.15,16.4489624,8.048784573,0.034386212,0.023738767,0.082174199,0.029954298,0.061000669,2.517885633,0.15
36087013300,1.877282223,0.115614156,15.84470089,14.09641921,10,0.168975457,0.130516146,0.258290791,0.443199073,3.408018101,0.15
36087013402,1.714719915,0.077130336,11.20189693,4.74698132,9.999487575,0.016417069,0.059615247,0.001,0.650318959,0.267801746,0.033619802
36103110101,1.759106151,0.11149333,21.99830974,22.74529894,10,0.014103131,0.14204538,0.001,0.282226913,2.976537484,0.149980676
36103110102,2.013996583,0.110671459,16.50904389,25,10,0.397907275,0.105641607,0.001,0.480908798,0.001,0.148620117
36103110300,2.104696948,0.15,12.22722302,0.784209046,10,0.146842934,0.042019016,0.10249331,0.334123073,0.022265756,0.149958899
36103110401,2.075047486,0.15,12.75549312,5.896108209,9.380852642,0.004833987,0.048261471,0.097111445,0.011178792,0.572978931,0.15
36103110402,1.910618042,0.15,16.16630292,25,6.730350136,0.054290827,0.060942688,0.001,0.316955197,0.001,0.15
36103110501,2.704435142,0.15,9.295701697,7.904274768,9.998938941,0.069914002,0.039327467,0.083063606,0.042873871,3.363020747,0.15
36103110600,2.030844604,0.108890827,10.48731688,0.001,6.673253643,0.119012773,0.055326684,0.001,0.948471517,0.027438353,0.149378289
36103110801,1.990566128,0.15,7.299584265,17.76256322,10,0.146984092,0.008364693,0.001,0.01,1.275215601,0.149855582
36103110803,2.112331742,0.15,13.17261907,7.748146539,10,0.383937107,0.052021648,0.054385701,0.316013587,0.029596699,0.15
36103134703,1.954923498,0.15,20.68007001,0.001,0.001,0.008090609,0.062065895,0.032147536,0.241777652,0.001863689,0.15
36103134704,2.931502822,0.111364343,11.44783243,19.98599445,0.245359722,0.296025084,0.097921242,1.640691474,1.768775057,2.305869549,0.055583094
36103135004,1.991149349,0.141890604,8.222870045,25,7.574049107,0.978444958,0.039541983,0.621103027,1.589895678,0.95697346,0.143456398
36103158001,1.745018575,0.075406451,7.412257902,25,10,0.001037433,0.025129587,0.001,0.765241916,0.207818123,0.055132215
36103158002,1.649831665,0.15,15.74824628,0.05698166,2.767139447,0.001,0.056267706,0.017078377,0.013388906,0.449601519,0.15
36103158207,3.486355996,0.085616324,16.25468204,22.3214251,2.209121032,0.015928264,0.099713826,0.013354307,0.399125885,3.479120716,0.1350177
36103158304,1.982792047,0.149861707,14.59659959,2.714307444,9.38962919,0.001,0.059337757,0.783674759,0.019478649,0.194012921,0.048550499
36103158317,2.087243259,0.054595019,11.24219632,0.001,0.409959336,0.404387664,0.083201529,0.799329256,2.736988136,3.388880748,0.111498556
36103158402,1.67064926,0.140028876,9.964514068,12.95751514,4.714588964,0.210399435,0.082114418,0.747083617,3,1.707481571,0.105022162
36103158407,3.5,0.089474733,13.90664342,22.0166674,2.432188289,0.558843098,0.082834559,0.002666441,0.622824561,0.931135432,0.059087544
36103158408,3.5,0.147303122,20.7636908,0.001,9.854608311,0.971394099,0.087223771,0.738254116,0.352059153,3.5,0.042053513
36103169701,1.701004641,0.123026996,17.40566332,0.001,2.032264689,0.001,0.059114727,0.06284567,0.024873301,0.281626317,0.15
36103169703,2.365966208,0.085596679,15.12418832,19.41525126,2.822167002,0.001,0.069074377,0.001550322,0.024195693,0.345770139,0.15
36103169901,2.550049804,0.124125272,16.09886584,13.47274918,6.780198065,0.001,0.077028248,0.001,0.023565131,0.240326463,0.15
36103169902,2.975055448,0.149992335,9.894945487,10.28755073,3.18869013,0.025790328,0.050774368,0.001,0.440217439,0.095221217,0.15
36103170001,1.952770085,0.149992249,9.085525092,7.624486602,9.917552493,0.120996117,0.03025261,0.199802632,0.130719814,3.265189449,0.15
36103170002,2.004555518,0.15,6.718813966,0.001,9.638535409,0.055137982,0.014238477,0.365231111,0.109341852,2.704760673,0.15
36103170201,2.032926218,0.149991931,8.673525865,25,7.976755896,0.048605666,0.0339863,0.045665103,0.059798999,3.024021341,0.15
36103170202,2.261130347,0.120991213,16.45514791,25,0.011586061,0.016752444,0.117328365,0.144153665,0.226551714,0.572680486,0.149800785
36103180300,2.006097384,0.147964023,7.027994637,25,8.370110908,0.077853688,0.022476959,1.735035018,0.924761557,3.5,0.1187557
36103200902,1.756325117,0.15,8.900146135,17.95741995,8.226797271,0.073668489,0.03633994,0.005749991,0.712645505,3.498275038,0.15
36103201001,2.533028306,0.098549193,6.398915358,10.58288652,1.9258989,0.001,0.01331735,0.009987127,0.086878834,0.189898001,0.15
36103201003,2.707432233,0.121071413,16.13966186,25,10,0.106559795,0.110959902,0.001,0.410510746,3.213386504,0.07220498
36103201004,2.16126992,0.065518493,6.032869106,25,10,0.001011032,0.015650855,0.127360446,0.113317574,0.133888054,0.066949108
36111950100,2.454849594,0.105891366,7.848328144,24.7170774,5.598379653,0.65798109,0.077834704,1.43055719,2.629267278,3.295955398,0.134308821
36111950200,1.711775637,0.15,16.12942629,2.012578497,10,0.129971022,0.089429763,0.001,0.164069379,2.044121717,0.15
36111950300,1.428731623,0.142626607,23.28336064,0.851901015,0.80710091,0.041151458,0.138266189,0.804387128,0.156084487,3.5,0.004658446
36111951300,1.647092379,0.118476303,0.001,25,10,0.001084841,0.103481835,0.001,0.027594607,3.499721131,0.00336989
36111951400,3.252681662,0.120517699,24.99787277,14.28860251,4.784930953,0.479403739,0.301762441,0.069831818,0.231809455,2.180458428,0.103198925
36111951700,1.992577973,0.15,14.53129406,0.908152011,8.213746815,0.749532966,0.081077329,0.001,0.454591336,0.107088694,0.15
36111952500,1.911612785,0.15,21.48999865,18.2511127,4.839008379,0.069177869,0.1048433,0.001717867,0.31190263,0.001,0.15
36111952600,1.930239828,0.119222789,17.9930305,20.10839812,6.001872746,0.354004794,0.066590386,0.96784815,1.447149854,2.176491461,0.086768443
36111953600,1.294410911,0.15,24.8970516,25,10,0.001002388,0.154552104,0.001,0.045109672,0.803389327,0.149960756
36111953700,1.446373722,0.15,17.99587969,25,0.001,0.00349218,0.08927608,0.002120736,0.12292789,3.5,0.15
36111953800,1.756467168,0.120997418,15.53513983,3.475139213,10,0.390198015,0.117041453,0.001,0.524265388,1.859153155,0.076625265
36111954900,1.895237709,0.121369908,8.786897072,25,1.646057613,0.961785958,0.051455937,0.051667727,1.452650137,0.02145848,0.001
36119000103,1.74267755,0.093498531,24.99715053,0.001,0.001,0.978793391,0.216779785,0.057279093,0.01,0.042075712,0.001
36119000202,0.180154214,0.034178267,25,2.407256174,0.00265527,0.003884316,0.181780582,0.028013648,0.01,3.357966867,0.148719567
36119000203,2.508885456,0.140377316,13.10270177,9.747688878,7.312162942,0.159527941,0.231485976,1.158171743,1.217766298,3.5,0.133750813
36119000401,2.697509563,0.15,23.02687045,1.353898186,8.959962483,0.088598938,0.113294368,0.001,0.031014945,1.3480617,0.15
36119000402,1.455319112,0.15,25,0.001,0.001,1,0.195237184,0.171902585,0.01,0.001,0.14988664
36119000701,3.5,0.082097232,17.79344049,0.001367419,2.364721439,0.001,0.107188279,0.002856506,0.33458813,3.5,0.066672949
36119000702,3.292261111,0.141646858,25,1.754995846,3.777786648,0.058120224,0.132018509,1.254905711,0.014333749,3.430745759,0.013391953
36119005701,1.809821982,0.080380741,14.26342292,12.60471371,10,0.001008635,0.081749683,0.001,0.36849979,0.139660085,0.01919053
36119005902,1.729438591,0.149860987,8.288246305,7.41758907,4.64158311,0.585678189,0.037146743,0.039045115,1.191074585,1.382172844,0.063998225
36119006900,3.262600094,0.112767042,17.85753122,0.001,3.948002556,0.400172946,0.117904787,0.004733971,0.399877838,3.230316902,0.060583174
36119007000,1.764312541,0.096444735,9.045902017,0.001,9.992139633,0.114983517,0.042257132,0.001,1.215841434,0.121356521,0.122753872
36119007100,1.886557179,0.114241008,21.83431655,5.740485977,10,0.216738361,0.181553897,0.243257716,0.321090168,2.602533023,0.102757283
36119007200,1.760659141,0.096943364,8.341420888,18.24768793,10,0.103784515,0.041460726,0.255750696,1.169222823,1.146896636,0.15
36119007402,1.854442531,0.15,7.900286312,4.871112841,0.001,0.111669336,0.012259837,0.001,0.01,3.146700346,0.149979047
36119007500,1.801082029,0.094502156,7.930500429,0.001,2.620482308,0.126545033,0.03246019,0.001,1.699495574,0.001,0.145748283
36119007600,1.732561999,0.077760596,9.019941661,20.04284022,10,0.012907308,0.048188388,0.255550617,0.801973917,0.375188115,0.064108846
36119010300,1.764871235,0.09255231,23.78828508,2.318793329,0.00712826,0.001,0.146696028,0.103035046,0.073905906,0.102752168,0.15
36119010400,2.165632303,0.15,18.61281925,1.591057944,2.13223697,0.378654369,0.101914454,0.003425749,0.328918707,0.476814655,0.15
36119010500,3.217760115,0.05460203,20.8118434,0.001,0.350050378,0.358473743,0.09323062,0.054810859,0.351313678,2.125647584,0.026637523
36119011300,2.046343834,0.079606891,10.63767612,0.001,2.940468467,0.040055342,0.051061259,0.001,0.720425607,0.014795441,0.149179284
36119011400,2.99306961,0.091353438,25,16.63542015,8.932796622,0.98900329,0.077196016,1.47398614,2.663488892,1.084040337,0.107845211
36119011500,1.727318618,0.118107871,18.10949854,12.38027219,2.050401679,0.001,0.104052382,0.012047888,0.087980278,0.249480629,0.074921594
36119011600,0.335733933,0.141690123,25,1.762670158,0.001,0.01004776,0.154179437,0.026766012,0.099496458,2.690144368,0.001
36119011700,2.00977084,0.15,15.40511652,25,0.033346144,0.001061611,0.076940318,0.053533797,0.048666502,0.977703052,0.149994536
36119011800,1.648003692,0.075858766,11.83472365,17.53378987,10,0.006282001,0.063091548,0.001,0.532485392,0.797753817,0.053173436
36119013201,1.685855163,0.080121947,12.25185352,0.001,10,0.008364234,0.063573319,0.001,0.584055441,3.5,0.149782343
36119013301,1.633372747,0.15,17.98750896,1.481988262,0.703042623,0.021330412,0.093499638,0.002931154,0.110387432,1.136244178,0.149956311
36119013304,1.91337118,0.071630128,21.08117219,25,0.949552296,0.39432476,0.117166346,0.004334977,0.344489772,0.001418397,0.124389912
36119013600,0.897687207,0.134244415,16.32282357,16.42795902,0.500957372,0.001,0.101751209,0.028868289,0.01,1.684823588,0.107726994
36119013800,1.801764511,0.15,14.76193809,25,9.106781324,0.333591247,0.073067924,0.001,0.525977258,0.002317303,0.15
36119013900,3.185844818,0.082559116,10.68067169,19.540477,3.921855215,0.024786258,0.073456895,1.106157667,2.514748797,1.212726393,0.086334164
36119014000,2.709534789,0.074210438,8.865488575,10.35696073,6.768464145,0.025684304,0.105314978,0.722855522,2.483723233,3.289642498,0.045893593
36119014100,1.981323523,0.096615103,9.540586485,21.8764042,3.241612002,0.353805851,0.123981669,1.016660176,1.399466744,1.339713438,0.147474545
36119014200,1.924066185,0.137595671,20.99620604,3.743616383,6.780645995,0.043908114,0.135246321,1.36327832,0.248049984,0.775121067,0.111879628
36119014604,1.762662355,0.15,14.26688747,0.921713581,2.359153543,0.632774524,0.091772926,0.013881372,0.537203908,2.329037283,0.15
36119014605,2.490258112,0.129570392,19.39948624,15.37827413,9.828929425,0.395858132,0.127938368,0.854476399,1.076397863,1.868605126,0.12592251
36119014701,1.911161966,0.15,18.53594003,0.001,5.709356982,0.048143979,0.074561561,0.002925672,0.307399429,0.001,0.149976672
44009041500,3.081480067,0.15,8.796727348,21.36545742,8.78885366,0.893918916,0.041548467,0.055247542,1.259011828,0.440475972,0.15
44009051000,2.15798417,0.15,6.033537488,6.350278051,9.227713806,0.372515661,0.001077596,0.094568795,0.01,1.258467847,0.15
44009051101,2.804412464,0.148766224,5.490546858,16.07560627,0.026628103,0.064056751,0.006179518,0.057135297,2.179832619,2.059612237,0.149701997
44009051102,2.314384134,0.131968924,10.63850284,25,0.007274171,0.130317877,0.072649829,0.064521126,0.949806813,0.343345157,0.149922228
44009051302,2.339101193,0.132223179,10.72517685,25,10,0.032928005,0.0641919,0.073181699,0.114243746,0.77274659,0.15
44009051504,2.973467816,0.15,6.199986444,24.99582383,0.018219181,0.077574101,0.010538351,0.022851894,0.034920222,0.956604385,0.149975855
